startTime,open,high,low,close,endTime,volume
1722787200000,5282210,5303233,5239259,5244468,1722790799999,1204.876
1722790800000,5243743,5251887,5110003,5173342,1722794399999,2890.320
1722794400000,5173342,5274884,5162378,5261860,1722797999999,1158.203
1722798000000,5261851,5334263,5242046,5317415,1722801599999,1050.753
1722801600000,5317281,5351276,5290758,5321880,1722805199999,704.936
1722805200000,5321835,5323537,5260698,5272794,1722808799999,615.826
1722808800000,5272794,5334068,5265646,5305601,1722812399999,795.577
1722812400000,5305556,5310836,5250832,5267271,1722815999999,585.360
1722816000000,5267271,5280077,5053223,5061541,1722819599999,4137.443
1722819600000,5062567,5102969,4744051,4946970,1722823199999,10352.147
1722823200000,4946233,4986215,4874728,4983562,1722826799999,3308.261
1722826800000,4984748,4985905,4912043,4915606,1722830399999,1983.123
1722830400000,4915606,4986739,4881315,4895836,1722833999999,1689.537
1722834000000,4895232,4925372,4780683,4819882,1722837599999,5320.111
1722837600000,4821501,4846170,4535756,4706038,1722841199999,12094.702
1722841200000,4706038,4855713,4695369,4816826,1722844799999,3543.456
1722844800000,4818180,4866163,4781004,4823990,1722848399999,2110.178
1722848400000,4825912,4841238,4732692,4815398,1722851999999,1611.888
1722852000000,4815398,4815398,4634183,4699322,1722855599999,2973.178
1722855600000,4699322,4747295,4630541,4696320,1722859199999,3028.202
1722859200000,4695213,4714977,4531117,4558155,1722862799999,4961.266
1722862800000,4557606,4803558,4535912,4752483,1722866399999,5210.728
1722866400000,4752016,4986851,4752016,4945996,1722869999999,5076.795
1722870000000,4946381,5029938,4898581,4970418,1722873599999,2626.072
1722873600000,4967252,5083008,4945237,4945923,1722877199999,2108.052
1722877200000,4946362,5039006,4919782,5005316,1722880799999,1640.990
1722880800000,5005316,5007466,4849134,4859282,1722884399999,1334.395
1722884400000,4859282,4904208,4807026,4894125,1722887999999,1947.566
1722888000000,4893155,4978058,4891398,4976704,1722891599999,1556.700
1722891600000,4977125,5051166,4964434,4974178,1722895199999,1082.536
1722895200000,4973968,5029069,4958468,5004035,1722898799999,950.821
1722898800000,5004035,5039985,4928209,4942044,1722902399999,971.354
1722902400000,4940882,5129646,4934897,5126471,1722905999999,1475.685
1722906000000,5127404,5147699,5068725,5098161,1722909599999,1136.785
1722909600000,5097603,5129399,5089267,5109379,1722913199999,506.318
1722913200000,5108546,5114292,5074636,5093256,1722916799999,480.788
1722916800000,5093668,5102178,5054168,5077271,1722920399999,523.406
1722920400000,5077271,5125428,5055586,5118986,1722923999999,615.460
1722924000000,5118794,5130168,5082533,5106304,1722927599999,685.604
1722927600000,5105911,5139363,5074517,5124604,1722931199999,538.141
1722931200000,5124193,5135346,4995864,5031567,1722934799999,1017.187
1722934800000,5031366,5060536,4994793,5052429,1722938399999,1026.779
1722938400000,5051322,5072459,5020304,5037725,1722941999999,652.166
1722942000000,5037725,5069457,5019361,5051102,1722945599999,536.032
1722945600000,5051844,5074929,5002516,5010861,1722949199999,812.673
1722949200000,5010861,5071178,4975304,5049968,1722952799999,1570.928
1722952800000,5050709,5180108,5044643,5134001,1722956399999,2537.897
1722956400000,5134001,5163199,5098664,5160884,1722959999999,934.010
1722960000000,5161085,5206698,5144313,5194629,1722963599999,1321.884
1722963600000,5193486,5209745,5166539,5168396,1722967199999,857.189
1722967200000,5168396,5219307,5155824,5187987,1722970799999,912.483
1722970800000,5188920,5198661,5148897,5186418,1722974399999,717.047
1722974400000,5186619,5192700,5129845,5160470,1722977999999,647.949
1722978000000,5159320,5169342,5119769,5149105,1722981599999,375.327
1722981600000,5149105,5191949,5099372,5121467,1722985199999,1063.627
1722985200000,5121877,5141637,5083164,5100918,1722988799999,575.728
1722988800000,5099279,5130171,5057118,5120762,1722992399999,852.830
1722992400000,5120962,5187819,5075653,5184225,1722995999999,979.307
1722996000000,5184225,5212844,5140208,5164887,1722999599999,1063.798
1722999600000,5165797,5185881,5148225,5173787,1723003199999,282.949
1723003200000,5173787,5210624,5163795,5191378,1723006799999,466.336
1723006800000,5191287,5210051,5158018,5166469,1723010399999,512.671
1723010400000,5166469,5184514,5154541,5164665,1723013999999,332.245
1723014000000,5165073,5184055,5134734,5167600,1723017599999,351.102
1723017600000,5168426,5208091,5160781,5200086,1723021199999,584.791
1723021200000,5199351,5229448,5182324,5193043,1723024799999,699.275
1723024800000,5192844,5224982,5183087,5186696,1723028399999,307.085
1723028400000,5186063,5190957,5139649,5148181,1723031999999,531.077
1723032000000,5147449,5180439,5132938,5172656,1723035599999,542.868
1723035600000,5171925,5187188,5114197,5125192,1723039199999,752.984
1723039200000,5125192,5140280,5016783,5051399,1723042799999,1720.357
1723042800000,5051399,5080278,5018517,5047114,1723046399999,648.583
1723046400000,5045098,5063777,5017580,5045283,1723049999999,560.970
1723050000000,5044169,5061661,4978052,4989494,1723053599999,971.847
1723053600000,4990221,4995206,4903933,4915912,1723057199999,1266.878
1723057200000,4915194,4947269,4899821,4907074,1723060799999,730.217
1723060800000,4906034,4953949,4892296,4936946,1723064399999,850.383
1723064400000,4936946,4971303,4909967,4956093,1723067999999,600.447
1723068000000,4955744,4961023,4877396,4940596,1723071599999,836.829
1723071600000,4940596,4952555,4902615,4919967,1723075199999,387.006
1723075200000,4920360,4940354,4878798,4929220,1723078799999,538.400
1723078800000,4928498,5107548,4925012,5065171,1723082399999,1977.500
1723082400000,5064449,5130917,5059693,5103866,1723085999999,888.918
1723086000000,5104587,5128528,5076044,5077068,1723089599999,471.209
1723089600000,5077068,5093168,5041494,5051534,1723093199999,400.793
1723093200000,5050813,5074051,5046879,5067660,1723096799999,215.460
1723096800000,5068586,5104177,5053100,5091940,1723100399999,371.977
1723100400000,5091940,5111039,5082844,5089821,1723103999999,361.523
1723104000000,5090026,5106553,5082523,5093488,1723107599999,190.338
1723107600000,5092572,5116397,5070455,5102664,1723111199999,460.530
1723111200000,5102664,5122751,5089003,5105735,1723114799999,295.564
1723114800000,5106135,5132452,5094138,5099247,1723118399999,522.227
1723118400000,5100546,5204249,5079764,5154044,1723121999999,1825.106
1723122000000,5153634,5183912,5045571,5096737,1723125599999,1499.705
1723125600000,5096737,5251356,5087703,5244281,1723129199999,1991.145
1723129200000,5244281,5297690,5218622,5289662,1723132799999,1549.342
1723132800000,5289876,5329214,5282186,5300600,1723136399999,1240.261
1723136400000,5300511,5327006,5274158,5291985,1723139999999,489.125
1723140000000,5292154,5312980,5279756,5279756,1723143599999,349.129
1723143600000,5280477,5324158,5271693,5288291,1723147199999,573.420
1723147200000,5289351,5312241,5277149,5294210,1723150799999,355.182
1723150800000,5294210,5461655,5294210,5443223,1723154399999,914.165
1723154400000,5443223,5566719,5394611,5548260,1723157999999,2223.376
1723158000000,5548260,5584030,5483468,5489075,1723161599999,1206.812
1723161600000,5488853,5494620,5435756,5447067,1723165199999,755.343
1723165200000,5447067,5476838,5407988,5463880,1723168799999,661.078
1723168800000,5464859,5470056,5441193,5448376,1723172399999,263.698
1723172400000,5449257,5479250,5443401,5460222,1723175999999,223.133
1723176000000,5459287,5463274,5402585,5402799,1723179599999,307.268
1723179600000,5402834,5429072,5391006,5426402,1723183199999,296.148
1723183200000,5426402,5438256,5404089,5417982,1723186799999,270.925
1723186800000,5417947,5448936,5405789,5416710,1723190399999,279.864
1723190400000,5416416,5438853,5393721,5436895,1723193999999,364.472
1723194000000,5437108,5447557,5403093,5406466,1723197599999,355.819
1723197600000,5407543,5415668,5354276,5392715,1723201199999,688.307
1723201200000,5391994,5409776,5370883,5397049,1723204799999,342.550
1723204800000,5397138,5411022,5359402,5389039,1723208399999,362.642
1723208400000,5388319,5406457,5320198,5378804,1723211999999,1171.057
1723212000000,5379712,5438621,5297307,5369451,1723215599999,1775.730
1723215600000,5369878,5390535,5318907,5321907,1723219199999,700.841
1723219200000,5321898,5379294,5314368,5377389,1723222799999,932.148
1723222800000,5377389,5404045,5351562,5356572,1723226399999,490.743
1723226400000,5356368,5371800,5322752,5366362,1723229999999,425.197
1723230000000,5366362,5405424,5348963,5399800,1723233599999,299.260
1723233600000,5400022,5426544,5385693,5405576,1723237199999,363.281
1723237200000,5405576,5417359,5332471,5404588,1723240799999,863.764
1723240800000,5404588,5428164,5365285,5408130,1723244399999,734.899
1723244400000,5407409,5422592,5370563,5414930,1723247999999,368.980
1723248000000,5414511,5471222,5383121,5387215,1723251599999,776.501
1723251600000,5387215,5425271,5379694,5380816,1723255199999,236.855
1723255200000,5380816,5404330,5368000,5387126,1723258799999,261.269
1723258800000,5387126,5387491,5363461,5378671,1723262399999,196.306
1723262400000,5378680,5379383,5360542,5376508,1723265999999,114.910
1723266000000,5376508,5381412,5368276,5370839,1723269599999,129.735
1723269600000,5370839,5385301,5368569,5379953,1723273199999,105.096
1723273200000,5379953,5415357,5379953,5413826,1723276799999,183.414
1723276800000,5415312,5419041,5393943,5403422,1723280399999,148.621
1723280400000,5403422,5438256,5403422,5419121,1723283999999,307.171
1723284000000,5419255,5429454,5396133,5408584,1723287599999,221.200
1723287600000,5408584,5429063,5406208,5420990,1723291199999,93.715
1723291200000,5421427,5423803,5402532,5403182,1723294799999,73.816
1723294800000,5402745,5405834,5376143,5378181,1723298399999,228.388
1723298400000,5378226,5399568,5375155,5390659,1723301999999,121.278
1723302000000,5390659,5406047,5383655,5384741,1723305599999,130.537
1723305600000,5384741,5402808,5374070,5398420,1723309199999,185.554
1723309200000,5398420,5416211,5388497,5407436,1723312799999,148.592
1723312800000,5407436,5445768,5403822,5424577,1723316399999,398.992
1723316400000,5423856,5440481,5413559,5429356,1723319999999,118.149
1723320000000,5429668,5437678,5418320,5426348,1723323599999,136.211
1723323600000,5425983,5442706,5424444,5434385,1723327199999,101.678
1723327200000,5434171,5434883,5417244,5421213,1723330799999,96.664
1723330800000,5421213,5422503,5405326,5420367,1723334399999,134.900
1723334400000,5420626,5449479,5417252,5435898,1723337999999,286.117
1723338000000,5435693,5442973,5423189,5437544,1723341599999,85.306
1723341600000,5438265,5439565,5425476,5430033,1723345199999,59.889
1723345200000,5430754,5461628,5429170,5434599,1723348799999,234.902
1723348800000,5434750,5440748,5416256,5417448,1723352399999,211.431
1723352400000,5418169,5440748,5416158,5436993,1723355999999,74.753
1723356000000,5436993,5442493,5427648,5437491,1723359599999,99.766
1723359600000,5438212,5451428,5434234,5451028,1723363199999,120.718
1723363200000,5450708,5466016,5441131,5450485,1723366799999,154.966
1723366800000,5451206,5505816,5427861,5436770,1723370399999,563.303
1723370400000,5437705,5451606,5423091,5430683,1723373999999,175.417
1723374000000,5430683,5434002,5376321,5398144,1723377599999,570.749
1723377600000,5397984,5401375,5358619,5383593,1723381199999,333.446
1723381200000,5383593,5394807,5353787,5380193,1723384799999,382.683
1723384800000,5379472,5405958,5356243,5369967,1723388399999,414.123
1723388400000,5370688,5377113,5333236,5350752,1723391999999,503.115
1723392000000,5349897,5365348,5337482,5354534,1723395599999,293.512
1723395600000,5354534,5371097,5341024,5363318,1723399199999,221.432
1723399200000,5363105,5370732,5350618,5361983,1723402799999,159.497
1723402800000,5361983,5364431,5297539,5305691,1723406399999,497.796
1723406400000,5305691,5311084,5186707,5205833,1723409999999,1387.078
1723410000000,5205415,5257586,5188371,5250377,1723413599999,495.371
1723413600000,5250377,5280896,5207195,5248553,1723417199999,748.584
1723417200000,5249274,5252131,5222520,5224808,1723420799999,278.003
1723420800000,5224087,5257542,5170722,5199995,1723424399999,798.090
1723424400000,5201125,5231269,5184268,5212277,1723427999999,552.798
1723428000000,5212277,5227131,5188175,5223847,1723431599999,357.315
1723431600000,5224051,5233378,5199363,5201614,1723435199999,277.367
1723435200000,5202014,5212537,5185799,5198207,1723438799999,230.089
1723438800000,5197238,5211477,5184358,5199312,1723442399999,250.946
1723442400000,5199312,5206060,5166821,5190818,1723445999999,319.737
1723446000000,5190818,5246917,5124558,5220198,1723449599999,1156.637
1723449600000,5220821,5252496,5187313,5194962,1723453199999,515.852
1723453200000,5194962,5226190,5185425,5199480,1723456799999,391.032
1723456800000,5200471,5267879,5184343,5265557,1723460399999,525.402
1723460400000,5264834,5360415,5257260,5349696,1723463999999,1156.040
1723464000000,5350385,5360533,5323555,5344520,1723467599999,501.039
1723467600000,5344538,5358490,5192053,5208468,1723471199999,1218.416
1723471200000,5208880,5440431,5175969,5407767,1723474799999,2876.955
1723474800000,5406628,5427469,5313937,5404631,1723478399999,1778.263
1723478400000,5404631,5424836,5346405,5351326,1723481999999,1087.062
1723482000000,5351111,5379945,5318890,5323650,1723485599999,646.489
1723485600000,5323865,5341565,5245982,5254387,1723489199999,818.544
1723489200000,5254683,5323614,5254683,5300697,1723492799999,799.712
1723492800000,5300697,5332711,5272940,5283545,1723496399999,699.415
1723496400000,5283545,5317265,5256479,5295309,1723499999999,420.294
1723500000000,5295399,5320345,5283671,5302089,1723503599999,255.013
1723503600000,5301963,5365272,5298910,5328732,1723507199999,420.212
1723507200000,5328562,5377566,5321189,5368244,1723510799999,409.303
1723510800000,5367822,5380251,5339122,5363817,1723514399999,276.199
1723514400000,5363090,5367679,5323389,5339984,1723517999999,266.300
1723518000000,5339984,5344124,5285566,5300814,1723521599999,575.280
1723521600000,5299961,5320489,5281767,5317777,1723525199999,183.283
1723525200000,5317050,5330609,5306112,5316816,1723528799999,166.912
1723528800000,5316089,5340263,5295533,5330654,1723532399999,244.135
1723532400000,5330654,5338763,5303000,5318944,1723535999999,196.720
1723536000000,5318944,5326802,5290424,5305771,1723539599999,200.268
1723539600000,5305977,5306291,5270246,5292121,1723543199999,320.745
1723543200000,5291914,5294743,5244168,5267929,1723546799999,381.565
1723546800000,5267309,5289023,5258680,5282477,1723550399999,317.822
1723550400000,5282683,5315164,5270183,5308994,1723553999999,587.522
1723554000000,5309156,5335297,5282593,5332477,1723557599999,617.586
1723557600000,5333205,5367975,5298892,5355439,1723561199999,696.160
1723561200000,5355646,5363575,5328688,5339500,1723564799999,484.119
1723564800000,5340227,5493857,5336770,5491872,1723568399999,1412.824
1723568400000,5491872,5529337,5467914,5491450,1723571999999,1332.548
1723572000000,5491154,5496263,5454991,5458520,1723575599999,654.681
1723575600000,5458296,5475295,5408744,5461134,1723579199999,934.696
1723579200000,5460918,5475636,5437399,5438531,1723582799999,252.040
1723582800000,5438531,5489654,5432371,5479291,1723586399999,318.146
1723586400000,5480234,5482865,5427809,5438989,1723589999999,703.907
1723590000000,5438989,5442689,5421729,5439007,1723593599999,190.314
1723593600000,5440920,5464142,5425016,5457407,1723597199999,249.440
1723597200000,5457407,5461574,5433332,5433457,1723600799999,251.020
1723600800000,5433332,5462579,5431069,5459158,1723604399999,233.162
1723604400000,5459885,5504696,5459158,5473140,1723607999999,356.423
1723608000000,5472412,5491199,5466845,5472125,1723611599999,206.037
1723611600000,5472125,5484535,5458511,5461780,1723615199999,141.690
1723615200000,5461780,5469718,5444350,5465049,1723618799999,412.034
1723618800000,5464322,5472125,5450501,5469907,1723622399999,165.831
1723622400000,5470123,5471000,5444323,5467102,1723625999999,210.217
1723626000000,5468407,5475187,5459248,5463531,1723629599999,156.825
1723629600000,5463316,5506788,5461636,5485209,1723633199999,301.253
1723633200000,5484993,5516675,5466198,5503510,1723636799999,326.568
1723636800000,5502783,5554310,5464501,5483889,1723640399999,1430.520
1723640400000,5483889,5493830,5338745,5352188,1723643999999,1715.506
1723644000000,5352619,5353472,5279702,5341915,1723647599999,1697.058
1723647600000,5341852,5373210,5287245,5336572,1723651199999,1258.016
1723651200000,5336572,5338287,5263152,5308680,1723654799999,972.380
1723654800000,5308321,5331453,5299485,5310934,1723658399999,363.007
1723658400000,5310934,5338790,5280079,5295506,1723661999999,398.964
1723662000000,5295237,5308438,5271287,5286984,1723665599999,345.491
1723665600000,5286562,5313646,5285557,5310377,1723669199999,202.784
1723669200000,5310593,5311230,5284183,5288969,1723672799999,136.889
1723672800000,5289185,5298021,5244859,5294896,1723676399999,532.412
1723676400000,5295318,5299556,5266537,5268207,1723679999999,270.094
1723680000000,5267139,5300257,5267139,5296512,1723683599999,305.201
1723683600000,5296629,5301254,5219302,5224304,1723687199999,663.113
1723687200000,5224430,5257108,5207422,5243270,1723690799999,1002.949
1723690800000,5243270,5251531,5237262,5246197,1723694399999,101.755
1723694400000,5246278,5248712,5219940,5240863,1723697999999,194.965
1723698000000,5240648,5264166,5223280,5235502,1723701599999,301.188
1723701600000,5235502,5242417,5192165,5215854,1723705199999,482.888
1723705200000,5215773,5220236,5179790,5210340,1723708799999,386.730
1723708800000,5210349,5240711,5202626,5239696,1723712399999,291.793
1723712400000,5238968,5256057,5232287,5243369,1723715999999,226.157
1723716000000,5243369,5255590,5232269,5239426,1723719599999,213.136
1723719600000,5238367,5284802,5237801,5273649,1723723199999,425.431
1723723200000,5272814,5330520,5260179,5277241,1723726799999,998.027
1723726800000,5277241,5339868,5254962,5337201,1723730399999,869.317
1723730400000,5336761,5363665,5313484,5333986,1723733999999,936.665
1723734000000,5334201,5366404,5320426,5357217,1723737599999,623.787
1723737600000,5357217,5373273,5334974,5345031,1723741199999,489.438
1723741200000,5345085,5346531,5277178,5285557,1723744799999,541.181
1723744800000,5285772,5286167,5163626,5193664,1723748399999,2058.393
1723748400000,5193458,5202869,5086811,5120935,1723751999999,1949.037
1723752000000,5120405,5128317,5034153,5087251,1723755599999,1084.665
1723755600000,5087251,5174276,5081450,5172094,1723759199999,960.185
1723759200000,5172094,5196735,5150120,5172391,1723762799999,554.359
1723762800000,5171466,5191168,5160070,5165270,1723766399999,216.081
1723766400000,5165054,5176979,5148351,5159172,1723769999999,251.144
1723770000000,5159172,5171978,5124509,5164821,1723773599999,350.745
1723773600000,5165548,5252367,5145918,5224969,1723777199999,753.603
1723777200000,5224241,5226666,5188824,5196322,1723780799999,291.116
1723780800000,5196322,5235691,5188618,5234820,1723784399999,251.356
1723784400000,5234802,5236921,5217201,5223855,1723787999999,172.045
1723788000000,5224780,5264463,5211741,5254540,1723791599999,358.319
1723791600000,5254755,5257485,5235340,5248245,1723795199999,171.065
1723795200000,5247724,5261625,5236418,5239202,1723798799999,170.297
1723798800000,5239839,5268028,5229944,5268028,1723802399999,261.060
1723802400000,5268028,5268207,5234065,5246054,1723805999999,163.321
1723806000000,5246054,5264005,5227797,5244042,1723809599999,281.470
1723809600000,5242929,5254198,5163806,5196017,1723813199999,829.962
1723813200000,5196188,5287820,5184963,5238573,1723816799999,1347.350
1723816800000,5237846,5250077,5195083,5209325,1723820399999,725.264
1723820400000,5209325,5227276,5175166,5213402,1723823999999,452.750
1723824000000,5213402,5273263,5206425,5258222,1723827599999,723.749
1723827600000,5258222,5330708,5241833,5317579,1723831199999,754.741
1723831200000,5317579,5348165,5304424,5338763,1723834799999,822.812
1723834800000,5339742,5371441,5333851,5358995,1723838399999,681.857
1723838400000,5359642,5361357,5313781,5320686,1723841999999,307.283
1723842000000,5320112,5325922,5292435,5299952,1723845599999,216.017
1723845600000,5299646,5313835,5294267,5294267,1723849199999,275.950
1723849200000,5294267,5302511,5273865,5287029,1723852799999,238.310
1723852800000,5286302,5321405,5279549,5314598,1723856399999,236.344
1723856400000,5314373,5332477,5307360,5319699,1723859999999,135.250
1723860000000,5320273,5328212,5307180,5311114,1723863599999,100.177
1723863600000,5311195,5313960,5296862,5311832,1723867199999,99.792
1723867200000,5312030,5321396,5304316,5317175,1723870799999,80.822
1723870800000,5317238,5319914,5310261,5311536,1723874399999,41.526
1723874400000,5311320,5317786,5310054,5311626,1723877999999,37.824
1723878000000,5312030,5321126,5301451,5319196,1723881599999,77.375
1723881600000,5318854,5323704,5311536,5322770,1723885199999,54.227
1723885200000,5322042,5340766,5316735,5326038,1723888799999,123.047
1723888800000,5326038,5329011,5304370,5306866,1723892399999,100.670
1723892400000,5306651,5313628,5301981,5308770,1723895999999,63.469
1723896000000,5308070,5321800,5305591,5317058,1723899599999,56.951
1723899600000,5317058,5336509,5313449,5325356,1723903199999,145.059
1723903200000,5325132,5346782,5318971,5344439,1723906799999,117.075
1723906800000,5344439,5355771,5328903,5331840,1723910399999,154.382
1723910400000,5331121,5359597,5331121,5352134,1723913999999,160.874
1723914000000,5351578,5357621,5334659,5335943,1723917599999,89.296
1723917600000,5335943,5339949,5323416,5334183,1723921199999,110.478
1723921200000,5334183,5345579,5331067,5339095,1723924799999,57.046
1723924800000,5339517,5341870,5325572,5332486,1723928399999,47.235
1723928400000,5331759,5335459,5310045,5323865,1723931999999,112.640
1723932000000,5324781,5328499,5318549,5325230,1723935599999,46.149
1723935600000,5325437,5341421,5323659,5341421,1723939199999,55.200
1723939200000,5341331,5363880,5334534,5356553,1723942799999,159.934
1723942800000,5356553,5358986,5333249,5335378,1723946399999,90.967
1723946400000,5336312,5409597,5331786,5398570,1723949999999,438.808
1723950000000,5398570,5409373,5323389,5327484,1723953599999,479.111
1723953600000,5326757,5342077,5319393,5338449,1723957199999,180.193
1723957200000,5338449,5359408,5333573,5341233,1723960799999,186.725
1723960800000,5340505,5353410,5339652,5350518,1723964399999,49.640
1723964400000,5350518,5355708,5342202,5348920,1723967999999,62.320
1723968000000,5347501,5361779,5335378,5360486,1723971599999,127.555
1723971600000,5360118,5397331,5354712,5376506,1723975199999,277.912
1723975200000,5375779,5404191,5371352,5375509,1723978799999,327.461
1723978800000,5375509,5389410,5364644,5388171,1723982399999,163.934
1723982400000,5387812,5410810,5376174,5384902,1723985999999,278.694
1723986000000,5384687,5407361,5370669,5371567,1723989599999,194.711
1723989600000,5371352,5384974,5356786,5369205,1723993199999,222.965
1723993200000,5369205,5380673,5359624,5374351,1723996799999,81.977
1723996800000,5375078,5382370,5366080,5372420,1724000399999,94.346
1724000400000,5371693,5374530,5330421,5344421,1724003999999,331.120
1724004000000,5344636,5353131,5337892,5349952,1724007599999,144.630
1724007600000,5349952,5365021,5341996,5359920,1724011199999,116.277
1724011200000,5359920,5375051,5357397,5370346,1724014799999,111.052
1724014800000,5370346,5370561,5326514,5337165,1724018399999,210.907
1724018400000,5336446,5349342,5327116,5327296,1724021999999,209.684
1724022000000,5327269,5333312,5243171,5244159,1724025599999,820.296
1724025600000,5244159,5271377,5226001,5238034,1724029199999,835.613
1724029200000,5238573,5262532,5226729,5256165,1724032799999,336.418
1724032800000,5257063,5274754,5244581,5266869,1724036399999,189.777
1724036400000,5267668,5276442,5257395,5273191,1724039999999,163.496
1724040000000,5272563,5274332,5249412,5259802,1724043599999,178.840
1724043600000,5259802,5262640,5240199,5250122,1724047199999,152.336
1724047200000,5250553,5267130,5241429,5258329,1724050799999,171.830
1724050800000,5258329,5274664,5251513,5252232,1724054399999,157.792
1724054400000,5253067,5266690,5245587,5262110,1724057999999,124.314
1724058000000,5261382,5268028,5204252,5207781,1724061599999,639.167
1724061600000,5208508,5225570,5188375,5211957,1724065199999,524.525
1724065200000,5211328,5252932,5204665,5242111,1724068799999,348.830
1724068800000,5242058,5253794,5230545,5244671,1724072399999,176.712
1724072400000,5244671,5295210,5213196,5225822,1724075999999,790.512
1724076000000,5225822,5264418,5213411,5262729,1724079599999,415.819
1724079600000,5262945,5277493,5252762,5254863,1724083199999,338.442
1724083200000,5254782,5271539,5240477,5270524,1724086799999,216.399
1724086800000,5270524,5323686,5256336,5298946,1724090399999,666.931
1724090400000,5298200,5318495,5272293,5297787,1724093999999,299.089
1724094000000,5297626,5309030,5284695,5293253,1724097599999,213.966
1724097600000,5293675,5327718,5288152,5303642,1724101199999,251.597
1724101200000,5303427,5318801,5292417,5293764,1724104799999,126.626
1724104800000,5293971,5321782,5293971,5318801,1724108399999,145.115
1724108400000,5318801,5352880,5305340,5336455,1724111999999,420.748
1724112000000,5336832,5446775,5329720,5431230,1724115599999,1079.390
1724115600000,5430503,5469907,5420751,5427477,1724119199999,556.339
1724119200000,5427252,5437839,5417940,5435145,1724122799999,227.078
1724122800000,5435074,5445041,5425708,5444736,1724126399999,215.302
1724126400000,5444512,5482919,5439905,5466540,1724129999999,798.084
1724130000000,5466207,5514681,5465660,5489259,1724133599999,681.944
1724133600000,5489097,5491737,5471865,5474262,1724137199999,303.639
1724137200000,5474262,5478339,5459787,5471128,1724140799999,227.619
1724140800000,5471497,5473535,5448831,5455593,1724144399999,272.966
1724144400000,5455593,5476211,5454982,5464591,1724147999999,257.312
1724148000000,5465704,5467671,5447601,5452100,1724151599999,174.440
1724151600000,5452100,5454910,5426085,5434463,1724155199999,410.759
1724155200000,5435325,5455862,5432613,5450142,1724158799999,207.834
1724158800000,5450420,5473867,5417751,5467168,1724162399999,686.229
1724162400000,5466953,5469593,5336392,5338278,1724165999999,2058.642
1724166000000,5338745,5340999,5268926,5281040,1724169599999,2287.095
1724169600000,5279953,5300356,5255061,5277421,1724173199999,821.839
1724173200000,5277205,5301775,5266869,5298784,1724176799999,320.165
1724176800000,5299925,5339086,5294968,5313188,1724180399999,529.290
1724180400000,5312793,5350383,5308527,5341421,1724183999999,318.014
1724184000000,5341421,5360342,5312059,5315376,1724187599999,357.284
1724187600000,5315672,5316317,5274558,5302755,1724191199999,478.429
1724191200000,5302541,5324091,5293932,5297545,1724194799999,274.554
1724194800000,5298554,5301358,5255453,5257556,1724198399999,146.851
1724198400000,5256505,5279207,5242493,5246523,1724201999999,209.934
1724202000000,5246568,5262404,5222946,5262404,1724205599999,267.819
1724205600000,5261685,5275679,5257040,5262193,1724209199999,180.880
1724209200000,5260565,5264197,5239643,5248033,1724212799999,110.218
1724212800000,5247820,5256308,5236917,5252104,1724216399999,81.716
1724216400000,5251387,5256104,5246564,5253776,1724219999999,66.551
1724220000000,5253706,5285628,5252210,5275185,1724223599999,279.204
1724223600000,5276521,5285751,5270875,5283707,1724227199999,147.014
1724227200000,5283256,5301735,5240024,5259140,1724230799999,537.536
1724230800000,5259856,5265317,5227465,5244962,1724234399999,382.023
1724234400000,5244696,5263423,5237501,5261078,1724237999999,162.049
1724238000000,5261078,5265529,5243811,5252121,1724241599999,130.837
1724241600000,5252121,5273804,5243918,5265237,1724245199999,260.359
1724245200000,5265388,5318603,5206588,5303982,1724248799999,1075.211
1724248800000,5302566,5328594,5241785,5256184,1724252399999,1910.567
1724252400000,5256184,5290353,5246794,5266113,1724255999999,457.754
1724256000000,5266972,5305974,5252927,5299380,1724259599999,440.022
1724259600000,5299380,5313753,5282734,5303991,1724263199999,281.410
1724263200000,5303274,5383491,5296124,5377889,1724266799999,958.835
1724266800000,5377172,5454070,5367720,5448414,1724270399999,1450.044
1724270400000,5449476,5471840,5389296,5417988,1724273999999,984.703
1724274000000,5418749,5441149,5391279,5418475,1724277599999,566.654
1724277600000,5418501,5442804,5413014,5413014,1724281199999,246.624
1724281200000,5413014,5422873,5398111,5411333,1724284799999,295.328
1724284800000,5411333,5417130,5380995,5381420,1724288399999,230.469
1724288400000,5382402,5398288,5373738,5394500,1724291999999,200.713
1724292000000,5394447,5395412,5285043,5324506,1724295599999,831.721
1724295600000,5324718,5365047,5315877,5358127,1724299199999,343.906
1724299200000,5358127,5385137,5349277,5383712,1724302799999,303.932
1724302800000,5382916,5382916,5363198,5373517,1724306399999,169.048
1724306400000,5373517,5394429,5370074,5378022,1724309999999,180.650
1724310000000,5377968,5407731,5372473,5396704,1724313599999,199.016
1724313600000,5395704,5408722,5385305,5390757,1724317199999,225.603
1724317200000,5390712,5396022,5380092,5387544,1724320799999,148.371
1724320800000,5387757,5434086,5382172,5429360,1724324399999,272.176
1724324400000,5429360,5432334,5407191,5427732,1724327999999,258.827
1724328000000,5427732,5433378,5377588,5388252,1724331599999,603.523
1724331600000,5388155,5391704,5344931,5381570,1724335199999,731.017
1724335200000,5381473,5384615,5338851,5354029,1724338799999,701.597
1724338800000,5354029,5382509,5317054,5343861,1724342399999,605.068
1724342400000,5343861,5361366,5333072,5337843,1724345999999,322.369
1724346000000,5337126,5354516,5320559,5322789,1724349599999,323.226
1724349600000,5322789,5359339,5319443,5337232,1724353199999,352.242
1724353200000,5337126,5347356,5322302,5335382,1724356799999,326.343
1724356800000,5336241,5369366,5333072,5368287,1724360399999,469.362
1724360400000,5368287,5371030,5348763,5357410,1724363999999,160.430
1724364000000,5357410,5362233,5346047,5347772,1724367599999,79.926
1724367600000,5347772,5349967,5335126,5342321,1724371199999,91.083
1724371200000,5342852,5393111,5338719,5373287,1724374799999,269.481
1724374800000,5373287,5384801,5361631,5375915,1724378399999,143.554
1724378400000,5375915,5380818,5363242,5363658,1724381999999,105.821
1724382000000,5363658,5369888,5358826,5360667,1724385599999,72.290
1724385600000,5360667,5372853,5359755,5370579,1724389199999,77.636
1724389200000,5370579,5405722,5370579,5385040,1724392799999,363.960
1724392800000,5385040,5429298,5381862,5414466,1724396399999,349.127
1724396400000,5415608,5421316,5392890,5404076,1724399999999,208.766
1724400000000,5403899,5426971,5400155,5426528,1724403599999,321.578
1724403600000,5426387,5428095,5397315,5399191,1724407199999,308.993
1724407200000,5399908,5411492,5397368,5401802,1724410799999,108.778
1724410800000,5401678,5404324,5369039,5373243,1724414399999,364.983
1724414400000,5374048,5416413,5373375,5409421,1724417999999,272.074
1724418000000,5408705,5411598,5386464,5406430,1724421599999,334.638
1724421600000,5407147,5516250,5378314,5395996,1724425199999,3636.422
1724425200000,5395996,5466300,5389049,5444175,1724428799999,950.782
1724428800000,5443857,5470876,5426865,5461256,1724432399999,450.088
1724432400000,5462123,5577377,5450627,5574757,1724435999999,1730.807
1724436000000,5575695,5613024,5546862,5589306,1724439599999,1660.410
1724439600000,5588590,5644735,5574890,5618548,1724443199999,1282.133
1724443200000,5619369,5633988,5605753,5618149,1724446799999,486.084
1724446800000,5618149,5727532,5615765,5685788,1724450399999,1224.935
1724450400000,5685788,5739001,5642588,5660272,1724453999999,890.268
1724454000000,5660140,5680712,5637573,5656123,1724457599999,458.863
1724457600000,5657271,5669975,5636884,5648962,1724461199999,267.026
1724461200000,5649678,5653068,5618997,5636672,1724464799999,250.137
1724464800000,5636416,5652679,5632258,5646826,1724468399999,140.903
1724468400000,5646711,5652256,5632390,5637688,1724471999999,189.426
1724472000000,5637591,5651143,5636734,5642870,1724475599999,115.410
1724475600000,5642870,5656202,5639056,5652238,1724479199999,148.924
1724479200000,5651523,5676650,5645466,5656370,1724482799999,216.057
1724482800000,5657085,5681603,5656370,5678566,1724486399999,168.833
1724486400000,5678001,5690300,5664440,5688022,1724489999999,222.950
1724490000000,5687934,5696489,5668210,5680314,1724493599999,234.874
1724493600000,5681144,5685682,5659089,5662197,1724497199999,128.503
1724497200000,5662427,5668572,5642950,5643135,1724500799999,224.783
1724500800000,5643850,5670161,5643065,5659946,1724504399999,164.428
1724504400000,5660043,5673534,5649324,5670699,1724507999999,159.058
1724508000000,5670920,5671706,5655725,5667186,1724511599999,96.954
1724511600000,5666470,5666470,5639613,5648247,1724515199999,219.218
1724515200000,5649077,5689099,5646808,5676915,1724518799999,316.087
1724518800000,5676800,5677277,5645969,5655602,1724522399999,158.852
1724522400000,5655602,5691580,5645166,5671123,1724525999999,409.116
1724526000000,5671265,5684773,5668625,5668625,1724529599999,60.581
1724529600000,5668845,5681021,5662497,5662497,1724533199999,75.429
1724533200000,5662391,5667159,5610998,5617160,1724536799999,303.102
1724536800000,5616825,5651090,5613126,5636620,1724540399999,309.537
1724540400000,5636620,5666197,5633697,5665252,1724543999999,96.798
1724544000000,5664537,5702457,5660414,5666797,1724547599999,466.475
1724547600000,5666797,5685338,5655505,5664766,1724551199999,210.498
1724551200000,5664431,5675229,5660237,5663636,1724554799999,134.023
1724554800000,5663407,5666726,5651302,5660458,1724558399999,229.540
1724558400000,5660458,5665932,5650817,5664660,1724561999999,69.341
1724562000000,5664660,5668422,5659107,5663513,1724565599999,164.267
1724565600000,5663548,5666612,5648027,5650375,1724569199999,141.277
1724569200000,5650375,5655628,5632553,5640010,1724572799999,208.035
1724572800000,5638544,5653280,5634024,5646172,1724576399999,99.761
1724576400000,5646172,5650560,5633388,5639136,1724579999999,74.861
1724580000000,5639136,5646570,5632553,5640857,1724583599999,109.031
1724583600000,5640142,5653509,5640045,5641405,1724587199999,124.677
1724587200000,5640690,5646843,5634174,5646005,1724590799999,55.376
1724590800000,5646049,5667168,5638685,5659116,1724594399999,152.211
1724594400000,5658401,5674575,5658401,5664148,1724597999999,143.801
1724598000000,5664148,5677224,5658021,5663151,1724601599999,124.951
1724601600000,5662639,5669817,5650878,5655046,1724605199999,135.534
1724605200000,5655134,5666409,5653174,5664343,1724608799999,75.282
1724608800000,5664343,5673516,5657094,5665817,1724612399999,90.752
1724612400000,5666532,5670267,5663098,5667406,1724615999999,41.553
1724616000000,5667406,5675140,5662647,5670152,1724619599999,51.608
1724619600000,5670152,5703120,5668872,5686053,1724623199999,259.648
1724623200000,5685338,5706192,5675449,5692622,1724626799999,186.422
1724626800000,5693337,5743450,5668404,5670518,1724630399999,733.343
1724630400000,5670567,5693858,5640257,5660661,1724633999999,341.621
1724634000000,5659946,5668536,5640319,5644204,1724637599999,171.450
1724637600000,5644204,5657350,5631137,5655637,1724641199999,240.733
1724641200000,5655620,5662029,5650207,5660370,1724644799999,110.033
1724644800000,5660370,5668669,5645908,5652830,1724648399999,170.105
1724648400000,5652830,5655187,5639922,5647382,1724651999999,104.184
1724652000000,5646464,5651894,5618079,5626281,1724655599999,346.676
1724655600000,5626281,5639251,5612340,5617293,1724659199999,234.005
1724659200000,5616957,5639259,5613920,5627693,1724662799999,144.982
1724662800000,5626784,5638730,5579425,5636690,1724666399999,438.251
1724666400000,5637405,5654004,5626051,5630166,1724669999999,314.836
1724670000000,5630166,5650269,5626449,5637405,1724673599999,173.512
1724673600000,5636805,5647303,5602107,5618043,1724677199999,328.035
1724677200000,5617328,5639383,5604244,5629512,1724680799999,519.626
1724680800000,5629512,5638986,5574304,5604544,1724684399999,888.990
1724684400000,5604544,5617708,5566349,5608022,1724687999999,528.978
1724688000000,5607908,5635092,5597145,5624462,1724691599999,343.172
1724691600000,5623747,5639542,5578392,5595353,1724695199999,464.581
1724695200000,5594638,5624462,5576370,5618723,1724698799999,485.886
1724698800000,5618008,5624109,5582710,5590435,1724702399999,291.637
1724702400000,5590435,5611660,5578119,5599158,1724705999999,349.571
1724706000000,5599158,5599229,5548224,5574463,1724709599999,457.016
1724709600000,5575178,5586780,5552029,5558818,1724713199999,400.658
1724713200000,5558818,5576521,5543827,5547455,1724716799999,424.330
1724716800000,5547323,5565926,5531016,5536110,1724720399999,414.826
1724720400000,5536110,5580149,5533585,5559878,1724723999999,603.411
1724724000000,5559878,5578348,5550987,5552903,1724727599999,311.241
1724727600000,5552188,5562624,5535960,5559233,1724731199999,270.081
1724731200000,5559233,5569705,5552982,5564804,1724734799999,137.609
1724734800000,5564902,5579099,5564186,5573669,1724738399999,165.895
1724738400000,5574499,5574649,5536834,5541372,1724741999999,269.996
1724742000000,5541487,5558130,5540224,5551433,1724745599999,121.848
1724745600000,5551954,5560781,5530654,5539747,1724749199999,153.834
1724749200000,5539844,5550385,5516815,5523321,1724752799999,428.834
1724752800000,5523206,5523206,5481584,5489353,1724756399999,1189.178
1724756400000,5489274,5506991,5479551,5494005,1724759999999,230.849
1724760000000,5494005,5496885,5465407,5491227,1724763599999,326.458
1724763600000,5491957,5497748,5465407,5474841,1724767199999,500.314
1724767200000,5474128,5479840,5436051,5439210,1724770799999,1199.011
1724770800000,5439104,5451891,5405312,5427911,1724774399999,1077.051
1724774400000,5427911,5453466,5411824,5413980,1724777999999,938.192
1724778000000,5413980,5448512,5411111,5447799,1724781599999,665.872
1724781600000,5447799,5466948,5442642,5461694,1724785199999,287.366
1724785200000,5461694,5471321,5442686,5462583,1724788799999,387.846
1724788800000,5462803,5463304,5439096,5441885,1724792399999,149.233
1724792400000,5442088,5450034,5257411,5314232,1724795999999,1851.721
1724796000000,5314945,5314945,5143521,5235076,1724799599999,3917.430
1724799600000,5235076,5258476,5202428,5227447,1724803199999,943.716
1724803200000,5227350,5231169,5188912,5196620,1724806799999,1170.097
1724806800000,5196339,5229532,5181405,5222844,1724810399999,743.747
1724810400000,5222748,5226356,5206916,5220548,1724813999999,275.455
1724814000000,5219632,5248584,5216816,5245592,1724817599999,219.400
1724817600000,5245592,5249236,5215672,5220424,1724821199999,252.169
1724821200000,5219712,5234064,5212108,5216482,1724824799999,289.291
1724824800000,5215778,5222924,5201460,5207268,1724828399999,227.674
1724828400000,5207224,5215329,5148801,5155304,1724831999999,673.906
1724832000000,5155287,5217239,5149373,5210454,1724835599999,434.018
1724835600000,5209847,5298780,5202842,5295480,1724839199999,1159.923
1724839200000,5295260,5297231,5250573,5257129,1724842799999,705.821
1724842800000,5257129,5286521,5248488,5271904,1724846399999,306.198
1724846400000,5271904,5293104,5267311,5273691,1724849999999,268.927
1724850000000,5273664,5279824,5217872,5220873,1724853599999,597.808
1724853600000,5220160,5274148,5183341,5208184,1724857199999,1129.387
1724857200000,5208184,5208184,5141031,5191411,1724860799999,1459.890
1724860800000,5189712,5210331,5088653,5207268,1724864399999,2013.829
1724864400000,5207268,5213780,5157584,5159722,1724867999999,702.634
1724868000000,5159828,5236652,5153764,5234355,1724871599999,737.429
1724871600000,5234460,5263958,5174000,5181361,1724875199999,867.043
1724875200000,5181361,5245152,5157918,5218383,1724878799999,1325.375
1724878800000,5218383,5233299,5197025,5201284,1724882399999,677.404
1724882400000,5200950,5213455,5176486,5208060,1724885999999,312.145
1724886000000,5208060,5208764,5188621,5194095,1724889599999,193.623
1724889600000,5193505,5211844,5183526,5208852,1724893199999,185.012
1724893200000,5208852,5219808,5178554,5190575,1724896799999,217.186
1724896800000,5189880,5207612,5183623,5202728,1724900399999,165.348
1724900400000,5202015,5207717,5192748,5202736,1724903999999,86.675
1724904000000,5203449,5210111,5196330,5207682,1724907599999,120.735
1724907600000,5207638,5231583,5202956,5228899,1724911199999,290.484
1724911200000,5229004,5258185,5222756,5240031,1724914799999,325.990
1724914800000,5240031,5251224,5234584,5241492,1724918399999,126.570
1724918400000,5241386,5246402,5223240,5239160,1724921999999,237.972
1724922000000,5239265,5258792,5238394,5242196,1724925599999,226.824
1724925600000,5241483,5264996,5240550,5249676,1724929199999,272.757
1724929200000,5249676,5321475,5243973,5284444,1724932799999,717.003
1724932800000,5284295,5323437,5277352,5306849,1724936399999,636.952
1724936400000,5306682,5338116,5295972,5334525,1724939999999,643.010
1724940000000,5334525,5362333,5318052,5350330,1724943599999,677.203
1724943600000,5350330,5382116,5343167,5347039,1724947199999,686.825
1724947200000,5346590,5363187,5298120,5304834,1724950799999,476.137
1724950800000,5304843,5330891,5293288,5326535,1724954399999,283.539
1724954400000,5325822,5327591,5182276,5204356,1724957999999,1409.256
1724958000000,5204118,5252993,5186043,5212936,1724961599999,774.077
1724961600000,5213640,5236660,5210648,5236660,1724965199999,226.926
1724965200000,5236942,5246481,5228256,5233624,1724968799999,179.926
1724968800000,5233536,5233536,5165609,5209160,1724972399999,601.673
1724972400000,5209178,5225088,5202552,5221287,1724975999999,126.780
1724976000000,5220864,5233572,5201584,5208043,1724979599999,234.184
1724979600000,5208043,5217063,5186184,5209996,1724983199999,328.011
1724983200000,5209794,5220627,5194992,5207524,1724986799999,176.468
1724986800000,5207524,5208738,5181229,5192660,1724990399999,374.276
1724990400000,5192828,5204012,5189906,5190672,1724993999999,125.721
1724994000000,5190592,5192308,5161368,5170132,1724997599999,352.205
1724997600000,5171338,5223768,5163392,5221753,1725001199999,356.864
1725001200000,5221040,5241870,5210392,5214044,1725004799999,340.134
1725004800000,5214044,5241808,5214000,5229524,1725008399999,210.251
1725008400000,5229524,5248532,5226936,5241456,1725011999999,222.199
1725012000000,5240744,5249376,5227596,5241632,1725015599999,198.009
1725015600000,5241650,5247317,5217723,5225220,1725019199999,243.774
1725019200000,5225264,5271667,5222528,5238403,1725022799999,624.861
1725022800000,5238403,5250036,5182848,5248752,1725026399999,647.894
1725026400000,5248039,5265040,5139552,5141365,1725029999999,1297.198
1725030000000,5141365,5161632,5095024,5109456,1725033599999,1526.418
1725033600000,5109879,5162145,5078830,5157306,1725037199999,974.193
1725037200000,5157306,5188121,5145721,5172923,1725040799999,497.137
1725040800000,5173064,5246231,5171396,5245515,1725044399999,833.886
1725044400000,5245515,5245515,5192295,5192340,1725047999999,458.510
1725048000000,5191676,5223669,5191641,5223669,1725051599999,226.838
1725051600000,5223775,5232873,5215757,5223563,1725055199999,159.937
1725055200000,5223775,5245033,5222562,5238802,1725058799999,210.203
1725058800000,5238802,5243236,5225855,5229315,1725062399999,122.847
1725062400000,5230041,5259290,5224120,5239776,1725065999999,208.635
1725066000000,5239731,5248581,5233784,5243156,1725069599999,75.872
1725069600000,5243156,5245024,5231218,5236324,1725073199999,75.751
1725073200000,5235607,5241510,5230165,5239466,1725076799999,37.118
1725076800000,5239678,5249847,5237395,5249130,1725080399999,46.211
1725080400000,5249130,5249219,5237705,5237776,1725083999999,69.201
1725084000000,5238492,5242820,5232678,5233475,1725087599999,47.675
1725087600000,5232758,5236590,5224943,5227076,1725091199999,82.168
1725091200000,5227076,5231351,5216412,5216544,1725094799999,170.286
1725094800000,5216544,5221368,5203446,5210880,1725098399999,153.334
1725098400000,5210526,5233669,5206898,5231235,1725101999999,145.269
1725102000000,5231235,5235528,5227359,5230147,1725105599999,45.962
1725105600000,5230147,5240935,5224315,5235360,1725109199999,102.834
1725109200000,5235360,5240935,5213270,5215854,1725112799999,113.405
1725112800000,5215128,5233581,5209606,5230563,1725116399999,109.114
1725116400000,5230563,5233536,5215952,5219819,1725119999999,93.591
1725120000000,5220536,5222916,5206057,5216190,1725123599999,101.369
1725123600000,5216190,5222739,5195968,5219129,1725127199999,199.917
1725127200000,5219129,5231820,5207102,5211580,1725130799999,167.891
1725130800000,5212500,5214668,5203685,5206765,1725134399999,66.133
1725134400000,5207402,5217606,5200013,5214420,1725137999999,68.338
1725138000000,5214420,5231554,5211987,5223580,1725141599999,93.249
1725141600000,5223580,5230563,5218677,5221368,1725145199999,46.302
1725145200000,5220651,5224509,5212553,5216270,1725148799999,41.016
1725148800000,5216067,5226279,5210349,5212500,1725152399999,61.585
1725152400000,5212500,5215836,5203473,5203977,1725155999999,64.421
1725156000000,5203977,5206455,5154152,5177808,1725159599999,475.891
1725159600000,5178525,5190110,5166648,5177206,1725163199999,180.584
1725163200000,5177189,5183755,5161736,5168914,1725166799999,141.423
1725166800000,5168914,5171940,5109026,5128434,1725170399999,696.891
1725170400000,5128549,5156453,5124850,5147152,1725173999999,230.453
1725174000000,5147152,5174000,5140665,5172746,1725177599999,255.097
1725177600000,5172622,5175498,5147514,5150223,1725181199999,162.385
1725181200000,5150125,5166020,5142204,5148107,1725184799999,158.908
1725184800000,5148072,5150391,5119947,5123407,1725188399999,273.223
1725188400000,5124124,5151550,5115300,5150833,1725191999999,209.625
1725192000000,5150541,5158152,5121876,5132133,1725195599999,220.132
1725195600000,5131416,5149249,5104698,5144505,1725199199999,425.108
1725199200000,5145222,5146205,5061846,5119841,1725202799999,1118.143
1725202800000,5119009,5162551,5107353,5149771,1725206399999,455.598
1725206400000,5149771,5161347,5137594,5141992,1725209999999,244.717
1725210000000,5141886,5148665,5118495,5140965,1725213599999,196.722
1725213600000,5140859,5200712,5140036,5177994,1725217199999,556.538
1725217200000,5177277,5198951,5154665,5175126,1725220799999,295.416
1725220800000,5175843,5188561,5163223,5168002,1725224399999,156.683
1725224400000,5167161,5168462,5137425,5161250,1725227999999,172.863
1725228000000,5161436,5167436,5062289,5065201,1725231599999,860.237
1725231600000,5065201,5095476,5060000,5068980,1725235199999,550.327
1725235200000,5066944,5099317,5052678,5083688,1725238799999,592.937
1725238800000,5083688,5093175,5062280,5078998,1725242399999,354.521
1725242400000,5078998,5105088,5066643,5085795,1725245999999,396.814
1725246000000,5085724,5110194,5085352,5107026,1725249599999,302.467
1725249600000,5107026,5110291,5081936,5082511,1725253199999,184.181
1725253200000,5082511,5129363,5081564,5111822,1725256799999,278.589
1725256800000,5111017,5120522,5101450,5103468,1725260399999,203.154
1725260400000,5102751,5112645,5072927,5089857,1725263999999,250.183
1725264000000,5089689,5158241,5087246,5135089,1725267599999,682.770
1725267600000,5135089,5172126,5121310,5166268,1725271199999,593.926
1725271200000,5165684,5183136,5156010,5174675,1725274799999,384.040
1725274800000,5174799,5189800,5160966,5167223,1725278399999,366.187
1725278400000,5167940,5176011,5152293,5164551,1725281999999,303.464
1725282000000,5164551,5174144,5143930,5146904,1725285599999,282.273
1725285600000,5145992,5203606,5139204,5184330,1725289199999,698.006
1725289200000,5185047,5196756,5174064,5179020,1725292799999,273.705
1725292800000,5179498,5189384,5157019,5160843,1725296399999,220.500
1725296400000,5160843,5181136,5157365,5177180,1725299999999,161.133
1725300000000,5177250,5190428,5158763,5174746,1725303599999,167.083
1725303600000,5174746,5180675,5165993,5170728,1725307199999,104.754
1725307200000,5170011,5241864,5164754,5217704,1725310799999,490.397
1725310800000,5217704,5244510,5207854,5222872,1725314399999,470.730
1725314400000,5222562,5250652,5218668,5249643,1725317999999,291.137
1725318000000,5249643,5257254,5224518,5231165,1725321599999,231.197
1725321600000,5230448,5242431,5220943,5242431,1725325199999,167.861
1725325200000,5241714,5255803,5235997,5252989,1725328799999,226.844
1725328800000,5253086,5292141,5246280,5246705,1725332399999,494.209
1725332400000,5246688,5249077,5226598,5230209,1725335999999,197.304
1725336000000,5230120,5241457,5219890,5228085,1725339599999,173.919
1725339600000,5227837,5242891,5218642,5236590,1725343199999,149.225
1725343200000,5235678,5235678,5207703,5209252,1725346799999,218.921
1725346800000,5209252,5231218,5208447,5228315,1725350399999,118.187
1725350400000,5228209,5231722,5193057,5200278,1725353999999,253.096
1725354000000,5199048,5215031,5198437,5207040,1725357599999,148.213
1725357600000,5207040,5235935,5203588,5226616,1725361199999,190.837
1725361200000,5225899,5228802,5213810,5224580,1725364799999,130.930
1725364800000,5225297,5250909,5223226,5231634,1725368399999,282.913
1725368400000,5231634,5247670,5148391,5166453,1725371999999,903.567
1725372000000,5165737,5165737,5090140,5099733,1725375599999,1520.470
1725375600000,5100450,5131770,5095645,5104291,1725379199999,561.309
1725379200000,5102397,5123619,5098485,5102486,1725382799999,422.759
1725382800000,5102371,5138664,5099875,5101955,1725386399999,422.236
1725386400000,5101955,5134593,5091140,5123088,1725389999999,379.450
1725390000000,5122212,5152196,5115654,5133894,1725393599999,428.533
1725393600000,5133894,5151054,5133779,5149771,1725397199999,201.514
1725397200000,5149054,5151054,5125398,5140771,1725400799999,212.830
1725400800000,5140983,5146329,5116885,5117902,1725404399999,166.777
1725404400000,5117902,5121451,5077237,5083219,1725407999999,283.180
1725408000000,5083219,5124504,5054351,5055439,1725411599999,521.308
1725411600000,5055439,5057660,4913512,5021066,1725415199999,2343.659
1725415200000,5021075,5025349,4997764,5009747,1725418799999,278.501
1725418800000,5009941,5027862,5006091,5011021,1725422399999,207.875
1725422400000,5010304,5017419,5001428,5014446,1725425999999,166.740
1725426000000,5013729,5013729,4967267,4974143,1725429599999,367.849
1725429600000,4973426,4999427,4972638,4977356,1725433199999,354.520
1725433200000,4977426,5030818,4974585,5018349,1725436799999,426.993
1725436800000,5019366,5032305,5010685,5021172,1725440399999,180.732
1725440400000,5021083,5029101,5003525,5005746,1725443999999,193.390
1725444000000,5005950,5015667,4992657,4992843,1725447599999,234.710
1725447600000,4993560,5013658,4993038,5002631,1725451199999,125.957
1725451200000,5002631,5020375,4996000,5006047,1725454799999,449.510
1725454800000,5006145,5014340,4981506,4996144,1725458399999,521.030
1725458400000,4996197,5092680,4968249,5087184,1725461999999,1429.142
1725462000000,5087184,5145603,5073670,5142019,1725465599999,1373.756
1725465600000,5142019,5177604,5140682,5166268,1725469199999,868.807
1725469200000,5166268,5173268,5114407,5119548,1725472799999,422.493
1725472800000,5119548,5131151,5098901,5102946,1725476399999,269.739
1725476400000,5102946,5145948,5100326,5135195,1725479999999,279.115
1725480000000,5135195,5147514,5115920,5134009,1725483599999,298.197
1725483600000,5133903,5142187,5125389,5139319,1725487199999,117.285
1725487200000,5140036,5165710,5133133,5141797,1725490799999,251.581
1725490800000,5141806,5151577,5120779,5127505,1725494399999,165.694
1725494400000,5128540,5159825,5126407,5131399,1725497999999,231.534
1725498000000,5131399,5153223,5126124,5133443,1725501599999,168.531
1725501600000,5132691,5137133,5099972,5104070,1725505199999,263.426
1725505200000,5104141,5104141,5034234,5053607,1725508799999,894.225
1725508800000,5053704,5067882,5048156,5060590,1725512399999,233.041
1725512400000,5060590,5065148,5043509,5058537,1725515999999,151.249
1725516000000,5059377,5061705,5001516,5033739,1725519599999,462.821
1725519600000,5033022,5063997,5025685,5055227,1725523199999,302.152
1725523200000,5054899,5063156,5037332,5043058,1725526799999,161.143
1725526800000,5043093,5043359,5007578,5023606,1725530399999,366.125
1725530400000,5023606,5028756,5010693,5021623,1725533999999,233.069
1725534000000,5021721,5029986,5010977,5014490,1725537599999,191.353
1725537600000,5014198,5028393,4985303,5012189,1725541199999,805.666
1725541200000,5012189,5055572,5003295,5044164,1725544799999,964.445
1725544800000,5044164,5071758,4995303,5002463,1725548399999,1258.844
1725548400000,5002463,5012986,4935822,4951000,1725551999999,1431.924
1725552000000,4950797,4989648,4949248,4983382,1725555599999,554.891
1725555600000,4983188,5008000,4970045,5006366,1725559199999,449.982
1725559200000,5007304,5016340,4997454,5001861,1725562799999,296.436
1725562800000,5001144,5003366,4934052,4957788,1725566399999,1173.845
1725566400000,4957788,4976320,4953275,4961204,1725569999999,303.717
1725570000000,4961204,4975426,4920000,4964921,1725573599999,446.624
1725573600000,4964921,4972966,4932114,4962107,1725577199999,251.581
1725577200000,4961204,4971125,4951478,4967753,1725580799999,137.361
1725580800000,4967753,4982692,4951027,4967851,1725584399999,223.450
1725584400000,4967851,5007463,4951221,5001755,1725587999999,318.143
1725588000000,5001649,5029783,4996374,5017773,1725591599999,327.038
1725591600000,5018588,5027331,5000000,5004251,1725595199999,170.534
1725595200000,5004251,5018924,5004251,5005667,1725598799999,98.359
1725598800000,5005251,5012463,4979727,4996640,1725602399999,783.943
1725602400000,4997357,4999870,4976789,4990356,1725605999999,201.110
1725606000000,4991268,4992958,4888218,4933973,1725609599999,1056.329
1725609600000,4933973,4946717,4919884,4933044,1725613199999,397.961
1725613200000,4933044,4946372,4923530,4942717,1725616799999,190.818
1725616800000,4943628,4976630,4942425,4967975,1725620399999,287.036
1725620400000,4967975,4975329,4937061,4952930,1725623999999,552.643
1725624000000,4952018,5035845,4924999,5029871,1725627599999,1867.591
1725627600000,5029871,5042669,4939124,4944195,1725631199999,1399.959
1725631200000,4944195,4948115,4811250,4839588,1725634799999,2721.558
1725634800000,4839119,4864102,4758079,4777753,1725638399999,2012.202
1725638400000,4777753,4798599,4743929,4786164,1725641999999,1197.438
1725642000000,4786119,4818724,4759651,4797262,1725645599999,1215.828
1725645600000,4797983,4803388,4745402,4745402,1725649199999,1315.498
1725649200000,4745402,4803015,4737939,4761905,1725652799999,1776.580
1725652800000,4762270,4786334,4683728,4704702,1725656399999,1844.784
1725656400000,4705904,4784491,4675294,4784081,1725659999999,1026.896
1725660000000,4784802,4792827,4770330,4772806,1725663599999,326.596
1725663600000,4772806,4803113,4770045,4802018,1725667199999,222.925
1725667200000,4801759,4812233,4795267,4797983,1725670799999,234.288
1725670800000,4798705,4805509,4782861,4789389,1725674399999,153.638
1725674400000,4789870,4801644,4783689,4788133,1725677999999,112.034
1725678000000,4788988,4794857,4786860,4790253,1725681599999,84.619
1725681600000,4789532,4811574,4788872,4811155,1725685199999,132.136
1725685200000,4810434,4839254,4804422,4821264,1725688799999,693.640
1725688800000,4821379,4839842,4808528,4833500,1725692399999,263.949
1725692400000,4833500,4842068,4822243,4831318,1725695999999,243.282
1725696000000,4831318,4840768,4823080,4839877,1725699599999,259.915
1725699600000,4839877,4843217,4821709,4828335,1725703199999,192.553
1725703200000,4827614,4846423,4827061,4836448,1725706799999,226.827
1725706800000,4837277,4850030,4830944,4835593,1725710399999,183.486
1725710400000,4834863,4868285,4834863,4861104,1725713999999,219.668
1725714000000,4860382,4870927,4848111,4862299,1725717599999,197.669
1725717600000,4862371,4875581,4858752,4873015,1725721199999,275.457
1725721200000,4873015,4892965,4869839,4889687,1725724799999,275.288
1725724800000,4888955,4896380,4862193,4865267,1725728399999,370.430
1725728400000,4865267,4872855,4826165,4838722,1725731999999,311.055
1725732000000,4838633,4865930,4830038,4856942,1725735599999,273.541
1725735600000,4856208,4871736,4850695,4865865,1725739199999,136.145
1725739200000,4865865,4869812,4844967,4844967,1725742799999,133.305
1725742800000,4844698,4847446,4817624,4824632,1725746399999,283.831
1725746400000,4824632,4838720,4818000,4826118,1725749999999,176.406
1725750000000,4826118,4848001,4813785,4844242,1725753599999,190.800
1725753600000,4845298,4847491,4826888,4843230,1725757199999,122.047
1725757200000,4843230,4863189,4841888,4855680,1725760799999,122.341
1725760800000,4855680,4876229,4854821,4860012,1725764399999,178.959
1725764400000,4860817,4866429,4852592,4865077,1725767999999,75.474
1725768000000,4865874,4881778,4862544,4874654,1725771599999,122.358
1725771600000,4874654,4877088,4860200,4860602,1725775199999,132.735
1725775200000,4860602,4868210,4853219,4856127,1725778799999,106.407
1725778800000,4856127,4878108,4856127,4869185,1725782399999,171.656
1725782400000,4869874,4873875,4861095,4873320,1725785999999,135.967
1725786000000,4873320,4895203,4870277,4870277,1725789599999,254.277
1725789600000,4870277,4888231,4869373,4883836,1725793199999,122.098
1725793200000,4883836,4890970,4875710,4880999,1725796799999,77.539
1725796800000,4880811,4881841,4839919,4847920,1725800399999,264.155
1725800400000,4848296,4866760,4836124,4865552,1725803999999,268.473
1725804000000,4865471,4870367,4835515,4842684,1725807599999,314.236
1725807600000,4842684,4848394,4798104,4802570,1725811199999,551.387
1725811200000,4802660,4833681,4796288,4822708,1725814799999,360.507
1725814800000,4822708,4877625,4821643,4875262,1725818399999,527.927
1725818400000,4876122,4878359,4854668,4867037,1725821999999,171.030
1725822000000,4867762,4873481,4858141,4860307,1725825599999,110.984
1725825600000,4860307,4864898,4846694,4863260,1725829199999,136.690
1725829200000,4863243,4886056,4859045,4871405,1725832799999,206.536
1725832800000,4871306,4949010,4862741,4879236,1725836399999,1374.115
1725836400000,4878422,4918383,4870036,4908172,1725839999999,413.449
1725840000000,4908986,4939121,4891704,4923512,1725843599999,475.643
1725843600000,4924326,4952671,4911259,4929052,1725847199999,589.558
1725847200000,4929150,4931987,4905719,4928927,1725850799999,217.843
1725850800000,4928828,4939318,4900179,4930529,1725854399999,288.687
1725854400000,4931092,4933294,4905746,4906757,1725857999999,228.171
1725858000000,4906032,4913729,4882610,4890486,1725861599999,281.862
1725861600000,4890558,4917488,4887452,4912845,1725865199999,218.736
1725865200000,4913042,4923642,4899147,4917916,1725868799999,214.956
1725868800000,4917719,4952651,4916439,4942677,1725872399999,443.363
1725872400000,4942874,4970258,4927226,4932872,1725875999999,446.476
1725876000000,4932147,4959877,4927020,4948530,1725879599999,265.080
1725879600000,4948620,4950408,4928757,4936649,1725883199999,184.677
1725883200000,4936685,4942023,4906616,4940620,1725886799999,309.394
1725886800000,4940620,4982841,4931286,4972165,1725890399999,761.837
1725890400000,4972165,4978695,4892955,4893178,1725893999999,916.894
1725894000000,4892464,4946338,4891777,4937666,1725897599999,627.371
1725897600000,4938264,5035116,4933438,5026811,1725901199999,1207.354
1725901200000,5026090,5053098,5016930,5027379,1725904799999,1014.401
1725904800000,5028127,5039777,5004746,5028928,1725908399999,973.774
1725908400000,5029097,5088531,5023303,5080183,1725911999999,956.639
1725912000000,5079373,5083939,5053839,5073579,1725915599999,494.828
1725915600000,5073579,5168195,5071817,5111181,1725919199999,1192.978
1725919200000,5112178,5127219,5088664,5090480,1725922799999,319.542
1725922800000,5090480,5095393,5071550,5074798,1725926399999,234.146
1725926400000,5074896,5077922,5037383,5068631,1725929999999,333.199
1725930000000,5069618,5076311,5045553,5062178,1725933599999,233.052
1725933600000,5062107,5063949,5038575,5051373,1725937199999,140.469
1725937200000,5050564,5054230,5028322,5028331,1725940799999,188.266
1725940800000,5028331,5047867,5017657,5039701,1725944399999,191.878
1725944400000,5039763,5072848,5036682,5071056,1725947999999,261.411
1725948000000,5071056,5072197,5057733,5062863,1725951599999,92.713
1725951600000,5062052,5102663,5055766,5095870,1725955199999,360.822
1725955200000,5094542,5112146,5077905,5084056,1725958799999,285.616
1725958800000,5083245,5107682,5068465,5092347,1725962399999,213.419
1725962400000,5093249,5101860,5080077,5098941,1725965999999,211.980
1725966000000,5098941,5105288,5080596,5101721,1725969599999,161.408
1725969600000,5100981,5124574,5096871,5102065,1725973199999,379.578
1725973200000,5101958,5103101,5049972,5058993,1725976799999,866.814
1725976800000,5058752,5100468,5040086,5076754,1725980399999,918.042
1725980400000,5076951,5098884,5040953,5041016,1725983999999,855.787
1725984000000,5040606,5067695,5037394,5054862,1725987599999,353.255
1725987600000,5054862,5104890,5052344,5079122,1725991199999,706.874
1725991200000,5079122,5148896,5079122,5109927,1725994799999,1154.858
1725994800000,5110060,5147386,5086007,5138542,1725998399999,736.136
1725998400000,5138791,5141257,5098300,5099559,1726001999999,665.230
1726002000000,5099665,5115162,5084564,5087608,1726005599999,224.807
1726005600000,5087608,5102325,5080560,5090170,1726009199999,224.599
1726009200000,5090046,5111242,5082444,5087385,1726012799999,175.422
1726012800000,5087156,5090131,5065329,5080697,1726016399999,151.547
1726016400000,5080697,5090993,4992151,4993256,1726019999999,881.563
1726020000000,4993969,5030361,4990499,5006303,1726023599999,597.970
1726023600000,5006127,5011680,4985684,4997670,1726027199999,305.320
1726027200000,4998075,4998075,4947088,4971640,1726030799999,647.321
1726030800000,4971640,4973470,4933509,4946841,1726034399999,414.247
1726034400000,4946841,4976620,4940505,4965920,1726037999999,268.246
1726038000000,4966641,4994168,4966641,4987550,1726041599999,270.647
1726041600000,4987500,4988817,4956600,4960666,1726045199999,278.820
1726045200000,4961467,4990982,4959214,4985922,1726048799999,213.903
1726048800000,4985922,4988034,4954700,4970883,1726052399999,355.983
1726052400000,4971596,5003082,4971596,4996218,1726055999999,488.833
1726056000000,4995338,5005792,4952376,4990621,1726059599999,838.983
1726059600000,4990524,5028954,4900001,4902111,1726063199999,1423.946
1726063200000,4902111,4927516,4885496,4922412,1726066799999,1148.224
1726066800000,4921717,5015006,4911113,4987656,1726070399999,941.862
1726070400000,4986943,5060748,4981654,5040640,1726073999999,850.746
1726074000000,5040640,5091751,5035756,5074776,1726077599999,710.917
1726077600000,5075700,5100815,5047971,5058856,1726081199999,857.925
1726081200000,5057968,5082379,5042145,5064691,1726084799999,496.837
1726084800000,5064691,5073561,5052010,5056128,1726088399999,152.334
1726088400000,5056128,5063811,5036144,5045340,1726091999999,219.908
1726092000000,5044354,5055944,5032879,5055636,1726095599999,149.591
1726095600000,5055636,5059217,5040904,5044530,1726099199999,129.442
1726099200000,5042999,5095156,5042497,5069390,1726102799999,703.689
1726102800000,5068616,5128385,5066812,5116866,1726106399999,354.723
1726106400000,5116866,5145413,5087984,5098228,1726109999999,655.492
1726110000000,5098280,5132583,5097559,5122498,1726113599999,270.139
1726113600000,5122498,5140000,5115528,5118608,1726117199999,208.290
1726117200000,5118608,5118608,5095262,5099644,1726120799999,229.366
1726120800000,5099644,5111938,5089930,5101378,1726124399999,162.496
1726124400000,5101378,5121095,5093990,5119218,1726127999999,171.787
1726128000000,5118813,5139226,5115615,5122302,1726131599999,222.772
1726131600000,5122302,5130266,5106955,5109783,1726135199999,180.361
1726135200000,5109492,5116989,5101114,5101413,1726138799999,176.972
1726138800000,5101413,5121262,5098215,5113686,1726142399999,153.085
1726142400000,5112954,5122487,5072014,5080313,1726145999999,547.427
1726146000000,5081045,5097246,5048738,5073953,1726149599999,740.552
1726149600000,5074155,5157022,5067451,5068747,1726153199999,1312.060
1726153200000,5068571,5101258,5056989,5072522,1726156799999,770.079
1726156800000,5072090,5127414,5070898,5121986,1726160399999,541.388
1726160400000,5122348,5153624,5116400,5151771,1726163999999,410.809
1726164000000,5151038,5157542,5113894,5132665,1726167599999,594.478
1726167600000,5131932,5156369,5127405,5152018,1726171199999,425.180
1726171200000,5151285,5151356,5126081,5134280,1726174799999,218.595
1726174800000,5134280,5151435,5096959,5108872,1726178399999,561.437
1726178400000,5108872,5139513,5106931,5128632,1726181999999,194.327
1726182000000,5128632,5133044,5118456,5128226,1726185599999,114.485
1726185600000,5127396,5138039,5116188,5119206,1726189199999,131.771
1726189200000,5119312,5139169,5105316,5128226,1726192799999,161.120
1726192800000,5128429,5131914,5113541,5120327,1726196399999,109.200
1726196400000,5121254,5123407,5101654,5103569,1726199999999,116.216
1726200000000,5104486,5116038,5101009,5102430,1726203599999,77.570
1726203600000,5102430,5119392,5101221,5111123,1726207199999,118.233
1726207200000,5111052,5112852,5093155,5095300,1726210799999,112.318
1726210800000,5096032,5128676,5095097,5126275,1726214399999,148.618
1726214400000,5126628,5129567,5109420,5112138,1726217999999,132.589
1726218000000,5112138,5129267,5109314,5121086,1726221599999,132.721
1726221600000,5120980,5147455,5118836,5147067,1726225199999,204.692
1726225200000,5147579,5147579,5100250,5105457,1726228799999,322.488
1726228800000,5105960,5112438,5083527,5107505,1726232399999,507.396
1726232400000,5107478,5130829,5089122,5120671,1726235999999,562.156
1726236000000,5120671,5165635,5102077,5156439,1726239599999,837.972
1726239600000,5156333,5271076,5148197,5263972,1726243199999,1760.608
1726243200000,5263972,5276124,5232740,5245678,1726246799999,726.395
1726246800000,5244742,5292865,5244116,5256912,1726250399999,544.950
1726250400000,5256179,5286431,5246110,5272391,1726253999999,568.056
1726254000000,5272391,5294868,5262710,5271129,1726257599999,618.318
1726257600000,5271508,5290773,5260733,5279989,1726261199999,367.730
1726261200000,5279989,5327432,5277862,5319949,1726264799999,713.485
1726264800000,5319013,5350783,5315713,5349177,1726268399999,558.641
1726268400000,5349177,5350466,5325120,5339046,1726271999999,231.389
1726272000000,5340882,5350377,5328271,5331359,1726275599999,138.256
1726275600000,5331148,5348745,5326315,5326315,1726279199999,188.370
1726279200000,5327047,5333904,5308438,5308570,1726282799999,89.793
1726282800000,5308570,5318248,5302125,5303075,1726286399999,73.648
1726286400000,5302864,5305387,5289664,5293022,1726289999999,103.964
1726290000000,5292301,5295017,5266617,5267733,1726293599999,160.124
1726293600000,5267733,5282202,5264850,5278026,1726297199999,132.889
1726297200000,5278026,5290130,5273289,5286096,1726300799999,97.169
1726300800000,5286737,5288750,5267672,5272849,1726304399999,93.958
1726304400000,5272911,5280505,5262134,5279609,1726307999999,93.326
1726308000000,5279609,5279767,5255014,5261404,1726311599999,159.913
1726311600000,5260631,5260631,5238480,5248439,1726315199999,194.858
1726315200000,5247437,5261870,5241029,5255243,1726318799999,113.342
1726318800000,5255243,5256456,5241697,5253590,1726322399999,94.470
1726322400000,5252931,5275389,5247059,5265158,1726325999999,162.303
1726326000000,5265799,5269140,5257299,5261958,1726329599999,72.781
1726329600000,5259928,5272339,5257827,5271460,1726333199999,167.744
1726333200000,5271460,5271900,5259752,5263637,1726336799999,48.456
1726336800000,5264261,5264261,5219142,5253959,1726340399999,558.866
1726340400000,5253959,5265553,5249204,5256588,1726343999999,67.957
1726344000000,5256790,5284118,5252984,5274651,1726347599999,276.048
1726347600000,5273921,5279327,5267601,5275653,1726351199999,98.567
1726351200000,5275451,5285805,5267443,5274159,1726354799999,101.673
1726354800000,5274159,5278580,5267619,5272058,1726358399999,48.285
1726358400000,5273209,5284250,5271363,5275521,1726361999999,44.794
1726362000000,5276945,5297619,5275530,5293066,1726365599999,120.866
1726365600000,5292961,5296318,5283116,5293374,1726369199999,46.246
1726369200000,5293374,5294859,5284364,5287194,1726372799999,44.569
1726372800000,5287247,5292820,5279995,5283476,1726376399999,75.596
1726376400000,5284557,5292565,5283309,5286122,1726379999999,45.007
1726380000000,5286122,5290200,5284478,5287476,1726383599999,34.109
1726383600000,5287475,5291941,5283309,5290464,1726387199999,47.174
1726387200000,5290464,5291431,5275750,5278914,1726390799999,70.965
1726390800000,5278914,5282817,5272752,5273403,1726394399999,44.610
1726394400000,5273183,5277446,5261299,5271232,1726397999999,49.806
1726398000000,5271003,5275952,5263206,5272647,1726401599999,49.169
1726401600000,5272410,5284381,5268278,5282914,1726405199999,156.148
1726405200000,5283327,5304062,5280162,5289014,1726408799999,274.658
1726408800000,5289014,5297830,5261343,5295606,1726412399999,264.501
1726412400000,5295606,5307306,5287054,5301970,1726415999999,172.012
1726416000000,5303122,5304229,5267074,5268709,1726419599999,185.134
1726419600000,5268542,5277886,5247789,5257291,1726423199999,478.387
1726423200000,5257291,5288864,5250355,5269614,1726426799999,436.113
1726426800000,5269614,5285480,5254759,5262934,1726430399999,379.898
1726430400000,5262002,5268463,5245855,5255796,1726433999999,213.546
1726434000000,5254759,5255867,5226631,5241935,1726437599999,221.318
1726437600000,5242365,5244132,5217806,5221762,1726441199999,210.734
1726441200000,5221647,5225269,5156610,5194978,1726444799999,977.425
1726444800000,5194477,5203417,5149174,5155168,1726448399999,453.152
1726448400000,5155168,5167088,5133000,5149420,1726451999999,395.850
1726452000000,5149420,5155300,5105443,5120395,1726455599999,454.293
1726455600000,5120422,5150141,5115001,5146115,1726459199999,253.656
1726459200000,5146115,5148224,5123639,5128078,1726462799999,155.810
1726462800000,5127348,5155177,5125792,5154210,1726466399999,171.831
1726466400000,5153955,5171219,5150598,5158104,1726469999999,185.042
1726470000000,5158509,5180563,5153876,5174841,1726473599999,128.246
1726473600000,5174506,5200129,5169918,5177187,1726477199999,220.242
1726477200000,5176458,5187867,5147064,5151872,1726480799999,230.602
1726480800000,5151143,5161638,5139777,5161506,1726484399999,160.805
1726484400000,5160249,5170261,5152321,5153569,1726487999999,130.160
1726488000000,5153217,5165458,5134090,5141746,1726491599999,230.143
1726491600000,5143346,5150949,5097313,5138933,1726495199999,659.223
1726495200000,5138705,5145499,5058180,5061291,1726498799999,1073.097
1726498800000,5060562,5095950,5056474,5085727,1726502399999,414.763
1726502400000,5085727,5092091,5067075,5078862,1726505999999,258.865
1726506000000,5079785,5119481,5051000,5110111,1726509599999,614.030
1726509600000,5110014,5113152,5068130,5085842,1726513199999,456.532
1726513200000,5085402,5099044,5077201,5091028,1726516799999,236.701
1726516800000,5090281,5111166,5063506,5069202,1726520399999,274.316
1726520400000,5067603,5096363,5060272,5095713,1726523999999,129.543
1726524000000,5096451,5099616,5081675,5092786,1726527599999,89.466
1726527600000,5093515,5132666,5093515,5114532,1726531199999,174.805
1726531200000,5114022,5126689,5061740,5062865,1726534799999,298.698
1726534800000,5063752,5093006,5062390,5087187,1726538399999,197.377
1726538400000,5087187,5114919,5080963,5106322,1726541999999,159.375
1726542000000,5106815,5109979,5096434,5101637,1726545599999,100.391
1726545600000,5101725,5125810,5097840,5117556,1726549199999,150.210
1726549200000,5117512,5165365,5115420,5151846,1726552799999,283.020
1726552800000,5151556,5155538,5134635,5138344,1726556399999,139.097
1726556400000,5138283,5159291,5135118,5157463,1726559999999,104.664
1726560000000,5157779,5171878,5151336,5165374,1726563599999,152.482
1726563600000,5166428,5191647,5156909,5179939,1726567199999,309.261
1726567200000,5179939,5207891,5174814,5205447,1726570799999,314.138
1726570800000,5204718,5210414,5185872,5191181,1726574399999,178.191
1726574400000,5191181,5223880,5188017,5217033,1726577999999,326.919
1726578000000,5217762,5221085,5172546,5181925,1726581599999,489.450
1726581600000,5180466,5307068,5178242,5297171,1726585199999,1855.288
1726585200000,5297171,5391602,5292512,5372651,1726588799999,2155.890
1726588800000,5371921,5384763,5337631,5349058,1726592399999,1000.528
1726592400000,5350263,5361944,5333764,5357321,1726595999999,592.695
1726596000000,5357321,5368590,5308449,5320526,1726599599999,449.094
1726599600000,5320526,5335000,5238867,5270493,1726603199999,982.649
1726603200000,5270493,5303878,5249274,5282922,1726606799999,657.074
1726606800000,5282131,5310417,5281551,5301961,1726610399999,161.998
1726610400000,5302542,5303368,5282606,5292978,1726613999999,139.327
1726614000000,5292961,5301496,5272322,5299491,1726617599999,115.888
1726617600000,5298911,5302463,5261000,5292486,1726621199999,240.826
1726621200000,5293514,5301961,5271346,5281876,1726624799999,179.956
1726624800000,5282905,5304511,5278325,5302797,1726628399999,131.614
1726628400000,5303895,5340383,5302085,5316887,1726631999999,295.849
1726632000000,5316790,5333518,5299043,5310417,1726635599999,187.157
1726635600000,5309670,5309670,5289023,5292961,1726639199999,106.811
1726639200000,5292451,5315340,5289111,5311657,1726642799999,103.362
1726642800000,5311657,5320737,5301003,5309890,1726646399999,99.955
1726646400000,5309890,5310303,5279494,5289620,1726649999999,173.719
1726650000000,5289005,5289743,5241741,5242524,1726653599999,405.635
1726653600000,5241794,5266511,5217384,5263962,1726657199999,562.296
1726657200000,5263918,5273306,5256711,5259207,1726660799999,125.677
1726660800000,5259778,5273042,5244334,5270203,1726664399999,209.807
1726664400000,5270933,5286790,5212662,5230988,1726667999999,690.783
1726668000000,5230988,5254758,5215309,5229273,1726671599999,499.763
1726671600000,5229581,5252753,5214482,5224340,1726675199999,328.481
1726675200000,5223610,5270720,5201291,5266076,1726678799999,376.082
1726678800000,5267184,5296442,5231023,5275002,1726682399999,520.967
1726682400000,5275002,5393783,5256174,5328092,1726685999999,3084.497
1726686000000,5328610,5341107,5270983,5279012,1726689599999,1549.574
1726689600000,5279364,5302176,5227691,5293399,1726693199999,681.788
1726693200000,5293399,5317662,5289398,5291614,1726696799999,346.109
1726696800000,5291429,5336384,5290990,5335153,1726700399999,210.639
1726700400000,5335681,5432767,5334318,5429530,1726703999999,859.522
1726704000000,5432230,5503866,5425362,5472164,1726707599999,1239.413
1726707600000,5472551,5481213,5412690,5452685,1726711199999,633.779
1726711200000,5452087,5479164,5434332,5469271,1726714799999,430.871
1726714800000,5468804,5476086,5450671,5461488,1726718399999,173.869
1726718400000,5461488,5465665,5441402,5458858,1726721999999,193.761
1726722000000,5458858,5467793,5442062,5450513,1726725599999,120.272
1726725600000,5451410,5463317,5434534,5452623,1726729199999,166.222
1726729200000,5452386,5465938,5445008,5459249,1726732799999,178.807
1726732800000,5459249,5466136,5435858,5440146,1726736399999,148.337
1726736400000,5440146,5475489,5436614,5466699,1726739999999,237.997
1726740000000,5467428,5508414,5467199,5467861,1726743599999,464.989
1726743600000,5467861,5499044,5460953,5492597,1726747199999,250.089
1726747200000,5492597,5542123,5487930,5512898,1726750799999,860.973
1726750800000,5513819,5550748,5490414,5520289,1726754399999,577.504
1726754400000,5521016,5562084,5507272,5511784,1726757999999,611.667
1726758000000,5511346,5548418,5502673,5530197,1726761599999,375.907
1726761600000,5530898,5578000,5511433,5565570,1726765199999,486.869
1726765200000,5565193,5592901,5541042,5579192,1726768799999,639.291
1726768800000,5579192,5586000,5559806,5572105,1726772399999,403.194
1726772400000,5573112,5573997,5533938,5539395,1726775999999,369.582
1726776000000,5539658,5540008,5515332,5519300,1726779599999,185.126
1726779600000,5518792,5531415,5507167,5507167,1726783199999,385.353
1726783200000,5506808,5526868,5486897,5512292,1726786799999,389.827
1726786800000,5513325,5525116,5509462,5513536,1726790399999,102.854
1726790400000,5513369,5519983,5488456,5497654,1726793999999,147.621
1726794000000,5496717,5533666,5482876,5521201,1726797599999,208.894
1726797600000,5521437,5528673,5501272,5527543,1726801199999,148.037
1726801200000,5527377,5583108,5523522,5582941,1726804799999,474.917
1726804800000,5582924,5617622,5574856,5590816,1726808399999,732.699
1726808400000,5591062,5607627,5568470,5586594,1726811999999,328.235
1726812000000,5587917,5597973,5571588,5585175,1726815599999,169.372
1726815600000,5585175,5586200,5550503,5562241,1726819199999,409.579
1726819200000,5561952,5563809,5525712,5543145,1726822799999,272.937
1726822800000,5543872,5565763,5540175,5558185,1726826399999,135.599
1726826400000,5558913,5576485,5547349,5575329,1726829999999,165.710
1726830000000,5575329,5579271,5547157,5556293,1726833599999,206.176
1726833600000,5555242,5565833,5546175,5554550,1726837199999,129.290
1726837200000,5554550,5557809,5487755,5503365,1726840799999,594.739
1726840800000,5503400,5562390,5479179,5520885,1726844399999,889.135
1726844400000,5520754,5548497,5489787,5530653,1726847999999,483.018
1726848000000,5530653,5542155,5499441,5505240,1726851599999,259.893
1726851600000,5504942,5516085,5483682,5490935,1726855199999,282.930
1726855200000,5491662,5512791,5459049,5504968,1726858799999,404.908
1726858800000,5505144,5518984,5497067,5499161,1726862399999,215.128
1726862400000,5500072,5512747,5490076,5500764,1726865999999,96.993
1726866000000,5500037,5543048,5499423,5526860,1726869599999,259.443
1726869600000,5526641,5541576,5526606,5532291,1726873199999,87.958
1726873200000,5532449,5536680,5523172,5534560,1726876799999,63.737
1726876800000,5533763,5543731,5520193,5531748,1726880399999,134.948
1726880400000,5532475,5534761,5502148,5502262,1726883999999,174.583
1726884000000,5502262,5516882,5500518,5509217,1726887599999,81.882
1726887600000,5509944,5518030,5505564,5507772,1726891199999,52.598
1726891200000,5506878,5511863,5500878,5504092,1726894799999,72.742
1726894800000,5504092,5512931,5495262,5508919,1726898399999,74.914
1726898400000,5508919,5525055,5507167,5517408,1726901999999,74.734
1726902000000,5516646,5528883,5513711,5524039,1726905599999,78.981
1726905600000,5524766,5528270,5516689,5519606,1726909199999,46.551
1726909200000,5519606,5530092,5516610,5528463,1726912799999,85.937
1726912800000,5527727,5528874,5513527,5515656,1726916399999,46.891
1726916400000,5515831,5527044,5514342,5524398,1726919999999,45.376
1726920000000,5525292,5531757,5520211,5530346,1726923599999,72.321
1726923600000,5531038,5537582,5518976,5533465,1726927199999,128.401
1726927200000,5534271,5544555,5528253,5544555,1726930799999,129.234
1726930800000,5544555,5544564,5521753,5532011,1726934399999,93.978
1726934400000,5532738,5538432,5524573,5536829,1726937999999,67.155
1726938000000,5537556,5553324,5532746,5542566,1726941599999,223.556
1726941600000,5542680,5544310,5537196,5540508,1726945199999,49.722
1726945200000,5540508,5547314,5531897,5535506,1726948799999,74.391
1726948800000,5535147,5536680,5528594,5530372,1726952399999,28.496
1726952400000,5530372,5531248,5521814,5525125,1726955999999,84.998
1726956000000,5525125,5538256,5521744,5536662,1726959599999,38.923
1726959600000,5537389,5566104,5530197,5548409,1726963199999,168.002
1726963200000,5549119,5557782,5526325,5537556,1726966799999,164.820
1726966800000,5537214,5544038,5518441,5521245,1726970399999,53.802
1726970400000,5520719,5527254,5502148,5513352,1726973999999,133.084
1726974000000,5513352,5536303,5510242,5526255,1726977599999,135.658
1726977600000,5527324,5535839,5523540,5523592,1726981199999,42.250
1726981200000,5524319,5525292,5508797,5511433,1726984799999,60.695
1726984800000,5511118,5521437,5501999,5505704,1726988399999,90.679
1726988400000,5506720,5515480,5505993,5511757,1726991999999,39.573
1726992000000,5512485,5521104,5507754,5519843,1726995599999,59.440
1726995600000,5519493,5519493,5486704,5490935,1726999199999,201.818
1726999200000,5491093,5498136,5477795,5487221,1727002799999,102.951
1727002800000,5488149,5504346,5477900,5498144,1727006399999,106.966
1727006400000,5497417,5513054,5494929,5499178,1727009999999,212.156
1727010000000,5498451,5504268,5478811,5482201,1727013599999,119.868
1727013600000,5481474,5491522,5470261,5488132,1727017199999,203.604
1727017200000,5488132,5501289,5479810,5486064,1727020799999,111.623
1727020800000,5486012,5504811,5470437,5497593,1727024399999,198.918
1727024400000,5498320,5529540,5497593,5521586,1727027999999,193.931
1727028000000,5521507,5523189,5502051,5513693,1727031599999,121.934
1727031600000,5513693,5537521,5499178,5530898,1727035199999,275.732
1727035200000,5530898,5544388,5524757,5535453,1727038799999,242.492
1727038800000,5535453,5545440,5494439,5498136,1727042399999,192.793
1727042400000,5498136,5605533,5461230,5593077,1727045999999,1006.907
1727046000000,5592901,5601854,5552763,5568040,1727049599999,461.120
1727049600000,5569538,5583808,5479363,5567147,1727053199999,840.580
1727053200000,5567147,5601328,5558720,5588688,1727056799999,450.353
1727056800000,5588180,5602555,5575381,5599051,1727060399999,218.371
1727060400000,5598534,5670182,5596545,5635659,1727063999999,988.105
1727064000000,5635659,5645076,5584746,5595486,1727067599999,392.595
1727067600000,5596213,5598876,5573691,5582792,1727071199999,200.791
1727071200000,5582792,5584851,5562942,5574155,1727074799999,182.540
1727074800000,5574155,5574882,5550000,5564160,1727078399999,210.190
1727078400000,5564195,5570476,5542680,5559657,1727081999999,246.435
1727082000000,5558930,5577685,5558028,5571737,1727085599999,174.086
1727085600000,5572464,5573761,5552062,5560332,1727089199999,102.774
1727089200000,5559482,5563301,5548260,5553963,1727092799999,124.900
1727092800000,5554024,5562390,5535734,5543872,1727096399999,205.757
1727096400000,5543145,5553166,5521069,5532440,1727099999999,404.989
1727100000000,5531406,5588136,5523697,5550748,1727103599999,746.457
1727103600000,5550836,5584290,5525257,5569644,1727107199999,390.585
1727107200000,5570327,5589240,5533447,5536312,1727110799999,408.211
1727110800000,5536312,5547411,5525423,5544301,1727114399999,230.223
1727114400000,5544546,5565982,5539991,5554401,1727117999999,197.931
1727118000000,5554401,5560227,5538651,5542365,1727121599999,161.602
1727121600000,5543171,5555514,5539281,5543512,1727125199999,94.107
1727125200000,5544152,5560577,5523163,5551396,1727128799999,362.362
1727128800000,5549277,5549277,5532983,5536426,1727132399999,115.196
1727132400000,5536504,5553148,5532720,5546447,1727135999999,133.918
1727136000000,5545072,5552448,5497952,5507824,1727139599999,553.618
1727139600000,5507824,5539229,5498241,5510908,1727143199999,296.493
1727143200000,5510242,5529374,5490663,5527044,1727146799999,268.972
1727146800000,5527324,5533176,5509848,5526693,1727150399999,148.876
1727150400000,5526693,5528962,5510557,5523373,1727153999999,90.344
1727154000000,5522567,5536496,5520842,5535532,1727157599999,103.585
1727157600000,5534805,5551274,5534805,5543153,1727161199999,152.929
1727161200000,5543153,5566201,5541962,5565588,1727164799999,203.583
1727164800000,5565763,5599752,5562767,5590002,1727168399999,488.724
1727168400000,5590002,5594837,5558098,5561952,1727171999999,244.492
1727172000000,5561541,5579700,5559990,5561716,1727175599999,162.971
1727175600000,5562557,5569801,5549163,5557730,1727179199999,335.003
1727179200000,5558404,5575048,5551554,5555242,1727182799999,146.748
1727182800000,5555242,5584684,5551642,5562215,1727186399999,286.492
1727186400000,5562434,5566271,5492161,5532746,1727189999999,1124.936
1727190000000,5532746,5548260,5515367,5530259,1727193599999,346.546
1727193600000,5530075,5548830,5522821,5538808,1727197199999,211.435
1727197200000,5538458,5604832,5536303,5584141,1727200799999,511.748
1727200800000,5583861,5594697,5563529,5578599,1727204399999,264.500
1727204400000,5578599,5636452,5575086,5627564,1727207999999,362.381
1727208000000,5627564,5655159,5607884,5620392,1727211599999,560.230
1727211600000,5619666,5625513,5595000,5601208,1727215199999,115.952
1727215200000,5599930,5658634,5599930,5649359,1727218799999,331.489
1727218800000,5649534,5653253,5619522,5620834,1727222399999,217.575
1727222400000,5621709,5637284,5596238,5608934,1727225999999,394.896
1727226000000,5608934,5670543,5604367,5632857,1727229599999,570.637
1727229600000,5631667,5647959,5623144,5634047,1727233199999,107.118
1727233200000,5634047,5639095,5617142,5637617,1727236799999,136.757
1727236800000,5637267,5639034,5612417,5613318,1727240399999,83.074
1727240400000,5612592,5623022,5609835,5612417,1727243999999,116.587
1727244000000,5611918,5611918,5576017,5580523,1727247599999,248.079
1727247600000,5580217,5586175,5565762,5581627,1727251199999,161.716
1727251200000,5581794,5588362,5572193,5577955,1727254799999,84.252
1727254800000,5577955,5582223,5555044,5555866,1727258399999,106.086
1727258400000,5555140,5566248,5537996,5551914,1727261999999,235.962
1727262000000,5553162,5566834,5538469,5566041,1727265599999,172.655
1727265600000,5566041,5566398,5542738,5542738,1727269199999,147.502
1727269200000,5542738,5558329,5518522,5556419,1727272799999,400.305
1727272800000,5556419,5573929,5546592,5573136,1727276399999,242.046
1727276400000,5572412,5578577,5529937,5535300,1727279999999,289.850
1727280000000,5535988,5550124,5530303,5531018,1727283599999,171.546
1727283600000,5530983,5540784,5490269,5505451,1727287199999,675.666
1727287200000,5505451,5524801,5501963,5521060,1727290799999,176.419
1727290800000,5522211,5533024,5502530,5507736,1727294399999,208.862
1727294400000,5507570,5537392,5506323,5534741,1727297999999,119.505
1727298000000,5535291,5539860,5526030,5529536,1727301599999,79.443
1727301600000,5528812,5535988,5494254,5514310,1727305199999,521.077
1727305200000,5513587,5514886,5485203,5503358,1727308799999,228.786
1727308800000,5503524,5515331,5476256,5485386,1727312399999,272.783
1727312400000,5485386,5504422,5461249,5504422,1727315999999,348.227
1727316000000,5503698,5523615,5498318,5521452,1727319599999,124.141
1727319600000,5520728,5538360,5516490,5534393,1727323199999,154.983
1727323200000,5534393,5536791,5519800,5528324,1727326799999,83.063
1727326800000,5528664,5554649,5521845,5542781,1727330399999,96.506
1727330400000,5542058,5559341,5541377,5553891,1727333999999,129.939
1727334000000,5553167,5567598,5548179,5566334,1727337599999,382.960
1727337600000,5566142,5570345,5551946,5554126,1727341199999,219.934
1727341200000,5553402,5576310,5542258,5560553,1727344799999,180.752
1727344800000,5560553,5619875,5557605,5613422,1727348399999,501.701
1727348400000,5613945,5622840,5604336,5613527,1727351999999,234.779
1727352000000,5613771,5642198,5606603,5621601,1727355599999,340.845
1727355600000,5621601,5628420,5591430,5617224,1727359199999,382.921
1727359200000,5617224,5687193,5611730,5616736,1727362799999,1244.193
1727362800000,5616770,5713131,5606254,5684759,1727366399999,1087.355
1727366400000,5685107,5711365,5672367,5688057,1727369999999,537.439
1727370000000,5689642,5732176,5664040,5664762,1727373599999,590.621
1727373600000,5665797,5679141,5645519,5671956,1727377199999,327.652
1727377200000,5672973,5673755,5614941,5617059,1727380799999,525.717
1727380800000,5616339,5631977,5607212,5607212,1727384399999,320.465
1727384400000,5606987,5654223,5604471,5638786,1727387999999,324.918
1727388000000,5639506,5657011,5631157,5641908,1727391599999,193.986
1727391600000,5641908,5650439,5610522,5648740,1727395199999,151.371
1727395200000,5647803,5660409,5633671,5656369,1727398799999,159.157
1727398800000,5655650,5666374,5634668,5643642,1727402399999,253.036
1727402400000,5644829,5652112,5618490,5624238,1727405999999,114.461
1727406000000,5624238,5670536,5617805,5664796,1727409599999,199.475
1727409600000,5664623,5674264,5655862,5658662,1727413199999,115.081
1727413200000,5658662,5660703,5635705,5658626,1727416799999,138.005
1727416800000,5658626,5673097,5646658,5656548,1727420399999,361.677
1727420400000,5656548,5676111,5649966,5668655,1727423999999,153.681
1727424000000,5668308,5697077,5663978,5691967,1727427599999,350.581
1727427600000,5691249,5714873,5685524,5693301,1727431199999,330.938
1727431200000,5693301,5696479,5669945,5669945,1727434799999,248.765
1727434800000,5669945,5681333,5658185,5666472,1727438399999,142.764
1727438400000,5666472,5705286,5655396,5692054,1727441999999,395.304
1727442000000,5692270,5697345,5659207,5686295,1727445599999,289.371
1727445600000,5686295,5758615,5677323,5735813,1727449199999,1134.410
1727449200000,5735813,5752345,5714830,5714830,1727452799999,493.076
1727452800000,5714734,5747192,5703953,5741451,1727456399999,456.447
1727456400000,5741286,5745434,5686979,5706386,1727459999999,497.283
1727460000000,5707174,5708716,5672084,5703373,1727463599999,288.354
1727463600000,5703373,5711660,5680735,5683680,1727467199999,285.322
1727467200000,5683680,5707330,5680692,5696471,1727470799999,110.984
1727470800000,5697259,5704524,5693214,5698618,1727474399999,95.992
1727474400000,5698618,5712708,5693561,5702914,1727477999999,109.484
1727478000000,5702740,5707668,5683523,5691433,1727481599999,74.929
1727481600000,5691606,5700394,5683552,5699278,1727485199999,63.065
1727485200000,5699278,5708326,5689304,5707426,1727488799999,50.934
1727488800000,5706639,5725038,5699529,5721889,1727492399999,104.037
1727492400000,5721889,5730496,5705696,5714268,1727495999999,81.459
1727496000000,5714234,5716119,5704347,5708326,1727499599999,50.831
1727499600000,5708326,5710774,5699269,5704502,1727503199999,46.680
1727503200000,5703248,5704719,5685083,5691510,1727506799999,86.405
1727506800000,5690723,5700022,5686692,5692695,1727510399999,54.805
1727510400000,5692245,5692245,5672177,5676952,1727513999999,256.009
1727514000000,5676952,5678527,5661555,5676156,1727517599999,119.833
1727517600000,5676156,5689391,5671581,5688284,1727521199999,61.412
1727521200000,5687497,5691960,5681459,5690100,1727524799999,49.186
1727524800000,5690887,5691181,5658433,5668302,1727528399999,137.256
1727528400000,5668302,5674098,5657663,5667861,1727531999999,87.056
1727532000000,5667861,5692617,5667074,5684201,1727535599999,115.127
1727535600000,5684201,5685040,5674530,5676009,1727539199999,223.272
1727539200000,5675222,5679807,5663666,5665759,1727542799999,79.199
1727542800000,5666321,5685126,5664800,5676174,1727546399999,47.782
1727546400000,5676347,5692929,5675560,5682030,1727549999999,71.500
1727550000000,5681243,5688803,5680931,5684331,1727553599999,50.997
1727553600000,5683544,5688284,5675741,5677212,1727557199999,48.595
1727557200000,5677333,5681710,5657810,5681710,1727560799999,95.154
1727560800000,5682056,5689062,5671070,5680412,1727564399999,55.025
1727564400000,5680231,5706570,5674357,5695065,1727567999999,129.720
1727568000000,5695628,5707305,5676658,5681000,1727571599999,144.186
1727571600000,5680317,5697626,5678336,5695550,1727575199999,58.559
1727575200000,5695489,5702444,5691095,5692003,1727578799999,93.946
1727578800000,5691138,5692756,5682661,5690740,1727582399999,35.167
1727582400000,5691527,5691527,5679686,5684902,1727585999999,55.876
1727586000000,5684902,5687073,5665361,5672619,1727589599999,71.765
1727589600000,5672108,5675957,5663450,5665776,1727593199999,97.366
1727593200000,5664989,5670638,5658061,5661642,1727596799999,65.397
1727596800000,5661642,5673925,5658960,5670854,1727600399999,66.473
1727600400000,5670032,5679807,5669210,5671840,1727603999999,61.838
1727604000000,5671840,5672627,5661123,5671676,1727607599999,60.219
1727607600000,5671676,5684331,5669686,5680914,1727611199999,58.575
1727611200000,5682038,5687168,5674132,5675222,1727614799999,50.921
1727614800000,5674876,5694397,5670266,5687857,1727618399999,113.948
1727618400000,5687857,5689837,5671772,5674752,1727621999999,66.936
1727622000000,5674752,5685077,5663754,5679634,1727625599999,113.580
1727625600000,5680152,5684032,5670908,5680602,1727629199999,81.886
1727629200000,5680602,5695437,5680196,5685423,1727632799999,114.591
1727632800000,5685423,5689259,5679072,5682675,1727636399999,56.063
1727636400000,5683462,5699135,5681967,5696828,1727639999999,57.248
1727640000000,5696828,5708544,5684161,5686036,1727643599999,146.128
1727643600000,5685250,5699679,5683548,5690114,1727647199999,63.978
1727647200000,5690114,5697260,5665000,5673154,1727650799999,189.735
1727650800000,5672549,5679003,5660194,5666527,1727654399999,123.924
1727654400000,5667987,5669041,5621988,5655053,1727657999999,398.737
1727658000000,5655053,5662354,5591247,5595653,1727661599999,395.972
1727661600000,5594349,5598755,5556255,5559624,1727665199999,440.661
1727665200000,5559452,5577276,5543373,5576023,1727668799999,379.949
1727668800000,5576887,5576887,5555140,5565759,1727672399999,131.014
1727672400000,5565759,5573967,5560566,5573785,1727675999999,125.285
1727676000000,5573820,5589657,5556860,5556860,1727679599999,209.637
1727679600000,5556816,5587385,5556531,5577259,1727683199999,187.886
1727683200000,5576472,5578658,5530240,5554700,1727686799999,490.861
1727686800000,5554700,5554700,5486876,5487662,1727690399999,537.997
1727690400000,5487316,5499646,5462606,5496777,1727693999999,682.105
1727694000000,5496725,5517565,5485251,5512070,1727697599999,324.565
1727697600000,5512856,5540400,5506920,5531104,1727701199999,298.727
1727701200000,5532927,5541740,5511456,5517193,1727704799999,359.863
1727704800000,5517193,5528572,5489269,5505624,1727708399999,435.966
1727708400000,5505624,5526490,5487282,5489304,1727711999999,407.426
1727712000000,5489304,5505279,5481000,5483411,1727715599999,272.049
1727715600000,5483221,5502583,5472343,5499896,1727719199999,348.236
1727719200000,5500959,5504242,5444566,5468386,1727722799999,489.735
1727722800000,5468991,5494565,5463202,5481968,1727726399999,316.150
1727726400000,5481968,5514437,5477544,5510083,1727729999999,207.060
1727730000000,5510428,5512191,5494107,5500613,1727733599999,79.699
1727733600000,5499827,5506350,5480482,5481432,1727737199999,119.586
1727737200000,5481692,5493528,5426085,5467349,1727740799999,469.760
1727740800000,5467349,5492112,5439131,5485752,1727744399999,379.103
1727744400000,5484966,5495213,5474356,5479013,1727747999999,215.133
1727748000000,5479540,5479540,5454389,5476499,1727751599999,168.341
1727751600000,5477916,5504588,5475298,5502773,1727755199999,166.857
1727755200000,5501564,5514135,5494652,5512450,1727758799999,150.122
1727758800000,5512597,5517012,5496423,5504579,1727762399999,97.696
1727762400000,5504147,5534655,5503706,5529220,1727765999999,300.935
1727766000000,5529298,5536944,5518412,5530508,1727769599999,164.169
1727769600000,5529721,5534940,5511949,5521436,1727773199999,107.866
1727773200000,5521202,5535605,5512709,5513746,1727776799999,97.636
1727776800000,5512960,5522671,5502004,5519198,1727780399999,118.372
1727780400000,5519984,5526481,5502946,5503560,1727783999999,85.945
1727784000000,5503560,5511448,5490764,5498626,1727787599999,133.153
1727787600000,5498453,5501261,5397244,5427614,1727791199999,1229.439
1727791200000,5428720,5447000,5389918,5403422,1727794799999,1220.406
1727794800000,5405236,5423363,5336462,5407569,1727798399999,1425.670
1727798400000,5408502,5421341,5344195,5392760,1727801999999,973.153
1727802000000,5391853,5391913,5273226,5366097,1727805599999,1545.899
1727805600000,5366279,5391741,5340255,5351228,1727809199999,683.632
1727809200000,5351228,5361302,5318085,5332522,1727812799999,470.488
1727812800000,5332928,5334190,5193556,5249803,1727816399999,1640.901
1727816400000,5248844,5286220,5236247,5278842,1727819999999,347.297
1727820000000,5277978,5280224,5235115,5247271,1727823599999,307.017
1727823600000,5247772,5270305,5236082,5250140,1727827199999,247.731
1727827200000,5249587,5284423,5243357,5270521,1727830799999,315.975
1727830800000,5269865,5312607,5265873,5311561,1727834399999,238.767
1727834400000,5311726,5338570,5303112,5334207,1727837999999,259.439
1727838000000,5333714,5343357,5323588,5331926,1727841599999,151.965
1727841600000,5331157,5332272,5304701,5310352,1727845199999,196.717
1727845200000,5309462,5320374,5297210,5308909,1727848799999,131.545
1727848800000,5309116,5335416,5297668,5326759,1727852399999,153.540
1727852400000,5327606,5349379,5317540,5329740,1727855999999,209.296
1727856000000,5329602,5346398,5319968,5335710,1727859599999,135.637
1727859600000,5335702,5338164,5278626,5291707,1727863199999,296.736
1727863200000,5291724,5316037,5280466,5284164,1727866799999,231.081
1727866800000,5283844,5301323,5257026,5281036,1727870399999,317.122
1727870400000,5281036,5287015,5241690,5250572,1727873999999,506.711
1727874000000,5250157,5308883,5227581,5298420,1727877599999,906.649
1727877600000,5297539,5326768,5273952,5275317,1727881199999,750.540
1727881200000,5275489,5348515,5272388,5343288,1727884799999,611.047
1727884800000,5343288,5387412,5335382,5336894,1727888399999,534.799
1727888400000,5338104,5341430,5288233,5322621,1727891999999,375.037
1727892000000,5321852,5328055,5247582,5247738,1727895599999,645.099
1727895600000,5247582,5263229,5179153,5198265,1727899199999,1260.352
1727899200000,5197263,5267852,5191975,5261268,1727902799999,986.223
1727902800000,5261242,5265004,5237024,5255443,1727906399999,195.612
1727906400000,5255270,5261824,5223057,5261824,1727909999999,221.729
1727910000000,5261072,5263724,5244870,5248194,1727913599999,139.451
1727913600000,5247909,5291092,5238825,5281985,1727917199999,305.630
1727917200000,5281639,5303262,5278871,5288605,1727920799999,211.148
1727920800000,5289863,5316531,5285995,5307703,1727924399999,215.718
1727924400000,5308588,5339516,5301858,5338334,1727927999999,215.530
1727928000000,5338499,5342072,5325828,5332688,1727931599999,118.845
1727931600000,5331931,5335645,5312471,5318613,1727935199999,135.284
1727935200000,5318882,5340082,5312628,5331870,1727938799999,100.379
1727938800000,5331757,5341073,5287749,5297022,1727942399999,252.533
1727942400000,5297022,5302415,5229465,5247907,1727945999999,550.767
1727946000000,5246915,5284086,5227143,5279050,1727949599999,317.108
1727949600000,5278745,5306477,5272908,5305495,1727953199999,184.285
1727953200000,5305495,5310227,5267958,5284260,1727956799999,230.034
1727956800000,5282112,5283799,5248099,5257676,1727960399999,475.300
1727960400000,5258059,5267776,5203803,5249116,1727963999999,955.707
1727964000000,5248603,5294647,5229378,5231953,1727967599999,1201.881
